user_id,product_id,label,prediction,probability,product_name
18,36216,1.0,1.0,"[0.1706304784316891,0.8293695215683109]",Lime Italian Sparkling Mineral Water
33,37131,1.0,1.0,"[0.3301793427552255,0.6698206572447745]",Tomato Yellow Cherry
33,8501,1.0,1.0,"[0.3301793427552255,0.6698206572447745]",Breakfast Blend Medium Keurig Brewed K-Cups Ground Coffee
46,32857,0.0,1.0,"[0.49746974392798443,0.5025302560720155]",Organic Chunky Tomato Bisque Soup
58,33219,0.0,1.0,"[0.34290585316406613,0.6570941468359339]",Spanish Style Ready Rice
68,22260,0.0,1.0,"[0.49746974392798443,0.5025302560720155]",Organic Rolled Oats
68,5991,1.0,1.0,"[0.49746974392798443,0.5025302560720155]",Bok Choy
90,19204,1.0,1.0,"[0.059649144685020264,0.9403508553149797]",Organic Heritage Flakes Cereal
90,19204,1.0,1.0,"[0.059649144685020264,0.9403508553149797]",Organic Heritage Flakes Cereal
90,19204,1.0,1.0,"[0.059649144685020264,0.9403508553149797]",Organic Heritage Flakes Cereal
90,1782,1.0,1.0,"[0.059649144685020264,0.9403508553149797]",Dark & Mint Filled Chocolate Squares
90,47144,1.0,1.0,"[0.06753953222380561,0.9324604677761944]",Unsweetened Original Almond Breeze Almond Milk
90,12302,1.0,1.0,"[0.07360440538823405,0.9263955946117659]","Sparkling Water, Natural Mango Essenced"
90,13740,1.0,1.0,"[0.10214481830682604,0.8978551816931739]",Organic Summer Strawberry Bunny Fruit Snacks
90,14761,1.0,1.0,"[0.15415966228335462,0.8458403377166454]",Honey Almond Flax Chewy Granola Bars
90,49628,0.0,1.0,"[0.2029301180316872,0.7970698819683129]",Yoghurt Blueberry
90,35898,0.0,1.0,"[0.3474397975196591,0.652560202480341]",Original Hot Sauce
123,35561,0.0,1.0,"[0.169862586810972,0.830137413189028]",Organic Tortilla Chips
131,36940,1.0,1.0,"[0.2513281535533323,0.7486718464466677]",Chicken Culinary Stock
131,11913,1.0,1.0,"[0.2513281535533323,0.7486718464466677]",Shelled Pistachios
242,9076,1.0,1.0,"[0.12556135369267055,0.8744386463073295]",Blueberries
242,4920,1.0,1.0,"[0.2490591967622722,0.7509408032377278]",Seedless Red Grapes
242,19213,1.0,1.0,"[0.34290585316406613,0.6570941468359339]",Turkey Pot Pie
242,44070,1.0,1.0,"[0.4996143967629873,0.5003856032370126]",8 Inch Lemon Meringue Pie
248,30391,1.0,1.0,"[0.059649144685020264,0.9403508553149797]",Organic Cucumber
248,47209,1.0,1.0,"[0.06753953222380561,0.9324604677761944]",Organic Hass Avocado
248,27881,1.0,1.0,"[0.07996662056204902,0.9200333794379509]","Olives, Organic, Kalamata, Pitted"
248,8518,1.0,1.0,"[0.08309971289141646,0.9169002871085835]",Organic Red Onion
248,30776,1.0,1.0,"[0.12544581916834854,0.8745541808316515]",Organic Raw Kombucha Gingerade
248,23986,1.0,1.0,"[0.3334048630261434,0.6665951369738565]",Grassfed Whole Milk Plain Yogurt
248,17946,1.0,1.0,"[0.49855135241856924,0.5014486475814308]",Organic Sliced Kalamata Olives
337,45066,1.0,1.0,"[0.16900489894629842,0.8309951010537016]",Honeycrisp Apple
337,47977,1.0,1.0,"[0.3306285012257618,0.6693714987742382]",Grapefruit Sparkling Water
369,8571,1.0,1.0,"[0.12491885695648206,0.8750811430435179]",Baby Cucumbers
369,22046,1.0,1.0,"[0.19970485070942243,0.8002951492905775]",Frozen Whole Strawberries
369,29223,1.0,1.0,"[0.49542185028297486,0.5045781497170252]",Golden Pineapple
369,13966,1.0,1.0,"[0.49746974392798443,0.5025302560720155]",Chicken Pot Pie
373,25720,1.0,1.0,"[0.07360440538823405,0.9263955946117659]",Organic Sunchoke
373,31717,1.0,1.0,"[0.10551732924124883,0.8944826707587512]",Organic Cilantro
373,17948,1.0,1.0,"[0.12556135369267055,0.8744386463073295]",Frozen Organic Wild Blueberries
373,43014,1.0,1.0,"[0.20039722328697637,0.7996027767130236]",Sliced Baby Bella Mushrooms
373,32465,0.0,1.0,"[0.19934125222129842,0.8006587477787016]",Sliced White Mushrooms
373,2344,0.0,1.0,"[0.49855135241856924,0.5014486475814308]",Organic SprouTofu Savory Baked Tofu
373,22935,0.0,1.0,"[0.4961367031241091,0.5038632968758909]",Organic Yellow Onion
422,1463,1.0,1.0,"[0.08309971289141646,0.9169002871085835]",Organic Milk
422,47492,1.0,1.0,"[0.1236211571975141,0.8763788428024859]",Organic Berry Blend
422,10915,1.0,1.0,"[0.1236211571975141,0.8763788428024859]",Organic Short Brown Sprouted Rice
422,27966,1.0,1.0,"[0.15635465740472632,0.8436453425952737]",Organic Raspberries
422,31391,0.0,1.0,"[0.49855135241856924,0.5014486475814308]",Gourmet Delicate Avocado Oil
422,21903,1.0,1.0,"[0.4940889016585446,0.5059110983414554]",Organic Baby Spinach
567,27845,1.0,1.0,"[0.10551732924124883,0.8944826707587512]",Organic Whole Milk
567,8277,1.0,1.0,"[0.2490591967622722,0.7509408032377278]",Apple Honeycrisp Organic
567,17526,1.0,1.0,"[0.49746974392798443,0.5025302560720155]",70% Dark Chocolate Salted Almond Bar
622,2120,1.0,1.0,"[0.49542185028297486,0.5045781497170252]",Sauvignon Blanc
655,4210,1.0,1.0,"[0.059649144685020264,0.9403508553149797]",Whole Milk
655,26283,1.0,1.0,"[0.07360440538823405,0.9263955946117659]",White Corn
655,16797,1.0,1.0,"[0.10214481830682604,0.8978551816931739]",Strawberries
655,16797,1.0,1.0,"[0.10214481830682604,0.8978551816931739]",Strawberries
655,8518,1.0,1.0,"[0.12556135369267055,0.8744386463073295]",Organic Red Onion
655,10292,1.0,1.0,"[0.15500764031082595,0.8449923596891741]",Family Size Shells & White Cheddar Macaroni & Cheese
655,23233,1.0,1.0,"[0.169862586810972,0.830137413189028]",California Sourdough Bread
655,27663,1.0,1.0,"[0.34388136876632464,0.6561186312336753]",GOLEAN Crunch! Cereal
655,7751,0.0,1.0,"[0.34388136876632464,0.6561186312336753]",Tomato Ketchup
655,2272,0.0,1.0,"[0.34388136876632464,0.6561186312336753]",Peppermint
655,16616,0.0,1.0,"[0.34388136876632464,0.6561186312336753]",Organic Sliced White Mushrooms
655,5020,0.0,1.0,"[0.49855135241856924,0.5014486475814308]",Organic  Sweet & Salty Peanut Pretzel Granola Bars
657,5746,1.0,1.0,"[0.49855135241856924,0.5014486475814308]",Heavy Cream
657,260,1.0,1.0,"[0.49747884531913916,0.5025211546808608]",Cantaloupe
722,47144,1.0,1.0,"[0.12482139622385872,0.8751786037761413]",Unsweetened Original Almond Breeze Almond Milk
722,45066,1.0,1.0,"[0.32849436868857906,0.6715056313114209]",Honeycrisp Apple
722,10246,1.0,1.0,"[0.49639726026785075,0.5036027397321492]",Organic Celery Hearts
778,38817,1.0,1.0,"[0.06993311606602351,0.9300668839339765]",Sugarfree
778,16797,1.0,1.0,"[0.08309971289141646,0.9169002871085835]",Strawberries
778,24852,1.0,1.0,"[0.10214481830682604,0.8978551816931739]",Banana
778,35921,1.0,1.0,"[0.12432584443093367,0.8756741555690664]",Organic Large Grade A Brown Eggs
803,28849,0.0,1.0,"[0.49639726026785075,0.5036027397321492]",No Salt Added Black Beans
809,13176,1.0,1.0,"[0.1261594103462707,0.8738405896537293]",Bag of Organic Bananas
809,37022,1.0,1.0,"[0.15572097481021718,0.8442790251897828]",Plain Cultured Goat Milk Kefir
809,43122,0.0,1.0,"[0.2500646670087574,0.7499353329912426]",Organic Bartlett Pear
859,49520,0.0,1.0,"[0.12347816052922866,0.8765218394707713]",Orange Sparkling Water
859,11598,1.0,1.0,"[0.34290585316406613,0.6570941468359339]",Direct Trade Organic El Gallo Breakfast Blend Whole Bean Coffee
859,260,1.0,1.0,"[0.49639726026785075,0.5036027397321492]",Cantaloupe
863,5876,1.0,1.0,"[0.19711850567742828,0.8028814943225717]",Organic Lemon
863,45603,0.0,1.0,"[0.2508700613608203,0.7491299386391796]",Trilogy Kombucha Drink
932,1463,1.0,1.0,"[0.07318465329485951,0.9268153467051405]",Organic Milk
932,49259,1.0,1.0,"[0.12432584443093367,0.8756741555690664]",Original Probiotic Dairy Culture
932,42701,1.0,1.0,"[0.17146201741079808,0.8285379825892019]",Organic Sour Cream
932,28289,1.0,1.0,"[0.1986574172111695,0.8013425827888305]",Organic Shredded Carrots
932,10164,1.0,1.0,"[0.20427012472758407,0.7957298752724159]",Organic Acai Berry 100% Juice
978,9075,0.0,1.0,"[0.3297069326151147,0.6702930673848853]",Zero Rise Orange
1027,18027,1.0,1.0,"[0.07360440538823405,0.9263955946117659]",Ezekiel 4:9 Bread Organic Sprouted Whole Grain
1027,37119,1.0,1.0,"[0.1236211571975141,0.8763788428024859]",Uncured Pepperoni
1027,47209,1.0,1.0,"[0.17147155441992654,0.8285284455800734]",Organic Hass Avocado
1027,43772,1.0,1.0,"[0.17146201741079808,0.8285379825892019]",Cherubs Heavenly Salad Tomatoes
1027,46676,1.0,1.0,"[0.34107058469817697,0.658929415301823]",Total 0% Nonfat Greek Yogurt
1027,24891,1.0,1.0,"[0.3420354037820477,0.6579645962179523]",Organic Chocolate 1% Milk with DHA Omega-3
1027,16926,1.0,1.0,"[0.3434797798821132,0.6565202201178868]",Organic Golden Ginger Ale Soda
1027,31717,1.0,1.0,"[0.4961367031241091,0.5038632968758909]",Organic Cilantro
1106,33007,0.0,1.0,"[0.2521130447846282,0.7478869552153717]",Peppermint Patties Candy
1106,37731,1.0,1.0,"[0.2521130447846282,0.7478869552153717]",Chocolate Bars Minis Mix Variety Pack
1107,36086,1.0,1.0,"[0.07360440538823405,0.9263955946117659]",Philadelphia Original Cream Cheese
1107,36086,1.0,1.0,"[0.07360440538823405,0.9263955946117659]",Philadelphia Original Cream Cheese
1107,36086,1.0,1.0,"[0.07360440538823405,0.9263955946117659]",Philadelphia Original Cream Cheese
1107,36086,1.0,1.0,"[0.07360440538823405,0.9263955946117659]",Philadelphia Original Cream Cheese
1107,47626,1.0,1.0,"[0.08309971289141646,0.9169002871085835]",Large Lemon
1107,20682,1.0,1.0,"[0.10214481830682604,0.8978551816931739]",Cinnamon Raisin Swirl Pre-Sliced Bagels
1107,20708,0.0,1.0,"[0.16601665936907764,0.8339833406309224]",Traditional New England Clam Chowder Soup
1107,23554,1.0,1.0,"[0.3334048630261434,0.6665951369738565]",Organic Vanilla Bean Ice Cream
1129,651,1.0,1.0,"[0.49387271701448676,0.5061272829855132]",Organic Salted Butter
1187,46842,1.0,1.0,"[0.2500877458441325,0.7499122541558675]",Plain Pre-Sliced Bagels
1237,24852,1.0,1.0,"[0.0636994437591345,0.9363005562408655]",Banana
1237,24852,1.0,1.0,"[0.0636994437591345,0.9363005562408655]",Banana
1237,9839,1.0,1.0,"[0.08309971289141646,0.9169002871085835]",Organic Broccoli
1237,38190,1.0,1.0,"[0.08309971289141646,0.9169002871085835]",Organic Drumsticks
1237,28985,1.0,1.0,"[0.11236266572889513,0.8876373342711049]",Michigan Organic Kale
1237,34134,0.0,1.0,"[0.12432584443093367,0.8756741555690664]",Spinach Peas & Pear Stage 2 Baby Food
1237,17461,0.0,1.0,"[0.15500764031082595,0.8449923596891741]",Air Chilled Organic Boneless Skinless Chicken Breasts
1237,38383,1.0,1.0,"[0.25087690345080776,0.7491230965491922]",Organic White Onions
1237,28378,1.0,1.0,"[0.25292969060839793,0.747070309391602]",Stage 2 Sweet Potato Corn & Apple Baby Food
1237,22825,1.0,1.0,"[0.34291405637414424,0.6570859436258558]",Organic D'Anjou Pears
1284,18362,0.0,1.0,"[0.49535557261722357,0.5046444273827764]",Organic Bread with 21 Whole Grains
1309,37642,1.0,1.0,"[0.2521130447846282,0.7478869552153717]",Ccnut Raw Cocoaminos
1338,47626,1.0,1.0,"[0.33979737724294584,0.6602026227570541]",Large Lemon
1338,47766,0.0,1.0,"[0.4919659328607956,0.5080340671392044]",Organic Avocado
1338,22556,1.0,1.0,"[0.4943802001173706,0.5056197998826294]",All Natural Apricot Sparkling Water
1338,5550,0.0,1.0,"[0.4964280242135251,0.503571975786475]",YoBaby Peach Pear Yogurt
1338,5134,1.0,1.0,"[0.4964280242135251,0.503571975786475]",Organic Thompson Seedless Raisins
1408,196,1.0,1.0,"[0.08477304240189694,0.915226957598103]",Soda
1408,43744,1.0,1.0,"[0.10415808293415141,0.8958419170658486]",Medium Roast Ground Coffee
1430,35750,0.0,1.0,"[0.49746974392798443,0.5025302560720155]",Organic Garbanzo Beans No Salt Added
1471,40348,1.0,1.0,"[0.4949143445407659,0.5050856554592341]",Large Burrito Flour Tortillas
1526,27730,1.0,1.0,"[0.060367592807345015,0.939632407192655]",Almond Breeze Original Almond Milk
1526,27845,1.0,1.0,"[0.07360440538823405,0.9263955946117659]",Organic Whole Milk
1526,46969,1.0,1.0,"[0.07360440538823405,0.9263955946117659]",Organic Bosc Pear
1526,46969,1.0,1.0,"[0.07360440538823405,0.9263955946117659]",Organic Bosc Pear
1526,7452,1.0,1.0,"[0.11171713574447298,0.888282864255527]",Base Peanut Butter Chocolate Protein Bar
1526,2051,1.0,1.0,"[0.1236211571975141,0.8763788428024859]",Sunrise Crunchy Honey Cereal
1526,11945,1.0,1.0,"[0.1236211571975141,0.8763788428024859]",Organic Gluten & Wheat Free Homestyle Waffles
1526,28199,1.0,1.0,"[0.15563895521891818,0.8443610447810819]","Clementines, Bag"
1526,8574,0.0,1.0,"[0.15415966228335462,0.8458403377166454]",Squash & Sweet Peas Stage 2
1526,13176,1.0,1.0,"[0.15635465740472632,0.8436453425952737]",Bag of Organic Bananas
1526,48230,1.0,1.0,"[0.20039722328697637,0.7996027767130236]",Soft Taco Size White Flour Tortillas
1526,39977,1.0,1.0,"[0.25292969060839793,0.747070309391602]",Pumpkin & Spinach Stage 2 Baby Food
1526,36848,0.0,1.0,"[0.25292969060839793,0.747070309391602]",Gluten Free Quick Cooking Oats
1526,14095,1.0,1.0,"[0.25292969060839793,0.747070309391602]","Green Beans, Organic, Cut"
1526,37220,0.0,1.0,"[0.49855135241856924,0.5014486475814308]",Organic Strawberry Fruit Spread
1526,23165,0.0,1.0,"[0.49747884531913916,0.5025211546808608]",Organic Leek
1562,26800,1.0,1.0,"[0.169862586810972,0.830137413189028]",Organic Baby Kale Mix
1562,39236,1.0,1.0,"[0.33244400858304884,0.6675559914169511]",Beef Jalapeno Sea Salt Bone Broth
1577,46321,1.0,1.0,"[0.4964280242135251,0.503571975786475]",Vanilla Almond Butter
1577,6655,1.0,1.0,"[0.4964280242135251,0.503571975786475]",Almond Milk Vanilla Frozen Dessert Sandwich
1680,21903,0.0,1.0,"[0.3346103590151849,0.6653896409848151]",Organic Baby Spinach
1702,5314,0.0,1.0,"[0.33244400858304884,0.6675559914169511]","Supremely Spicy Hummus, Family Size"
1702,24852,0.0,1.0,"[0.49300745613917796,0.506992543860822]",Banana
1794,43691,1.0,1.0,"[0.4949143445407659,0.5050856554592341]",Sweet Gherkin Pickles
1805,21265,1.0,1.0,"[0.49746974392798443,0.5025302560720155]",Reconstituted Lemon Juice
1819,5456,1.0,1.0,"[0.059649144685020264,0.9403508553149797]",Green Tea With Ginseng and Honey
1819,33956,1.0,1.0,"[0.060367592807345015,0.939632407192655]",Mighty Mango Juice Smoothie
1819,33956,1.0,1.0,"[0.060367592807345015,0.939632407192655]",Mighty Mango Juice Smoothie
1819,24852,1.0,1.0,"[0.06260992701869657,0.9373900729813034]",Banana
1819,21938,1.0,1.0,"[0.06260992701869657,0.9373900729813034]",Green Bell Pepper
1819,28985,1.0,1.0,"[0.08250446258092806,0.917495537419072]",Michigan Organic Kale
1819,28985,1.0,1.0,"[0.08250446258092806,0.917495537419072]",Michigan Organic Kale
1819,42265,1.0,1.0,"[0.10214481830682604,0.8978551816931739]",Organic Baby Carrots
1819,12206,0.0,1.0,"[0.10214481830682604,0.8978551816931739]",Basil Pesto
1819,23986,1.0,1.0,"[0.10490647821810717,0.8950935217818928]",Grassfed Whole Milk Plain Yogurt
1819,23986,1.0,1.0,"[0.10490647821810717,0.8950935217818928]",Grassfed Whole Milk Plain Yogurt
1819,47209,1.0,1.0,"[0.11225771679990933,0.8877422832000906]",Organic Hass Avocado
1819,23452,1.0,1.0,"[0.1236211571975141,0.8763788428024859]",100% Carrot Juice
1819,4605,1.0,1.0,"[0.12485066196667122,0.8751493380333288]",Yellow Onions
1819,45007,1.0,1.0,"[0.34170536118273254,0.6582946388172675]",Organic Zucchini
1842,31915,1.0,1.0,"[0.11635992422579954,0.8836400757742005]",Organic Red Delicious Apple
2024,4428,1.0,1.0,"[0.10551732924124883,0.8944826707587512]",Organic Mushroom & Olive Pizza
2024,13996,1.0,1.0,"[0.10551732924124883,0.8944826707587512]",Giant Peach
2024,2081,0.0,1.0,"[0.12432584443093367,0.8756741555690664]",Crispy Seasoned Potato Puffs with Roasted Garlic & Cracked Pepper
2024,2081,1.0,1.0,"[0.12432584443093367,0.8756741555690664]",Crispy Seasoned Potato Puffs with Roasted Garlic & Cracked Pepper
2024,49075,1.0,1.0,"[0.12432584443093367,0.8756741555690664]",Organic Brown Rice
2024,1970,1.0,1.0,"[0.34388136876632464,0.6561186312336753]",Chicken Enchiladas
2024,46802,1.0,1.0,"[0.34291405637414424,0.6570859436258558]",Pineapple Chunks
2024,27551,1.0,1.0,"[0.34388136876632464,0.6561186312336753]",100% Juice Smoothie Orange Carrot Flavor
2095,40706,1.0,1.0,"[0.12485066196667122,0.8751493380333288]",Organic Grape Tomatoes
2095,25072,1.0,1.0,"[0.49746974392798443,0.5025302560720155]",Organic Cheddar Snack Mix
2118,26029,1.0,1.0,"[0.10214481830682604,0.8978551816931739]",French Bread Pizza Cheese
2118,18019,1.0,1.0,"[0.15415966228335462,0.8458403377166454]",Macaroni & Cheese Dinner Original Flavor
2118,35199,1.0,1.0,"[0.1997303386535889,0.8002696613464111]",100% Apple Juice
2118,36961,1.0,1.0,"[0.4975096100758225,0.5024903899241775]",Pink Cripps Apple
2118,12962,1.0,1.0,"[0.4975096100758225,0.5024903899241775]",Apricot Preserves
2146,19895,0.0,1.0,"[0.49159294318089874,0.5084070568191013]",Sliced Prosciutto
2154,27104,1.0,1.0,"[0.2490591967622722,0.7509408032377278]",Fresh Cauliflower
2154,29987,1.0,1.0,"[0.3314926140572972,0.6685073859427029]",Shredded Mozzarella
2154,47766,0.0,1.0,"[0.32849436868857906,0.6715056313114209]",Organic Avocado
2222,43749,1.0,1.0,"[0.49746974392798443,0.5025302560720155]",Organic Ice Cream Vanilla Bean
2276,32139,1.0,1.0,"[0.15415966228335462,0.8458403377166454]",Hommus Classic Original
2276,21526,1.0,1.0,"[0.34290585316406613,0.6570941468359339]",Organic Golden Round Crackers
2276,44765,1.0,1.0,"[0.49746974392798443,0.5025302560720155]",Colby Cheese Sticks
2282,13176,1.0,1.0,"[0.10214481830682604,0.8978551816931739]",Bag of Organic Bananas
2282,38689,1.0,1.0,"[0.11225771679990933,0.8877422832000906]",Organic Reduced Fat Milk
2282,47766,1.0,1.0,"[0.15635465740472632,0.8436453425952737]",Organic Avocado
2282,45066,1.0,1.0,"[0.2490591967622722,0.7509408032377278]",Honeycrisp Apple
2282,21616,0.0,1.0,"[0.4950551614256886,0.5049448385743114]",Organic Baby Arugula
2283,32052,1.0,1.0,"[0.4949143445407659,0.5050856554592341]",Organic Brown Rice Cake Salt-Free
2283,45007,0.0,1.0,"[0.4925000096002255,0.5074999903997746]",Organic Zucchini
2370,24852,1.0,1.0,"[0.15403011658892604,0.8459698834110739]",Banana
2370,21137,1.0,1.0,"[0.1958954817458989,0.8041045182541011]",Organic Strawberries
2370,41983,0.0,1.0,"[0.2506553318966807,0.7493446681033193]",Le Brie Mini Soft Ripened Cheese
2370,22035,1.0,1.0,"[0.4931189413892991,0.5068810586107009]",Organic Whole String Cheese
2370,26209,0.0,1.0,"[0.4931189413892991,0.5068810586107009]",Limes
2376,3836,0.0,1.0,"[0.48903835427691755,0.5109616457230824]",Spinach And Artichoke Hummus
2382,137,1.0,1.0,"[0.19970485070942243,0.8002951492905775]",Very Vanilla Soymilk
2450,46584,1.0,1.0,"[0.49746974392798443,0.5025302560720155]",YoKids Blueberry & Strawberry/Vanilla Yogurt
2461,37335,1.0,1.0,"[0.10214481830682604,0.8978551816931739]",Thin Whole Wheat Sandwich Buns
2461,35168,1.0,1.0,"[0.12174169751151893,0.878258302488481]",Ezekiel 4:9 Sprouted Grain Tortillas
2461,22959,1.0,1.0,"[0.15259798818553993,0.8474020118144601]",Reduced Fat Milk 100% Lactose Free
2461,31343,0.0,1.0,"[0.49535557261722357,0.5046444273827764]",Shredded Mild Cheddar Cheese
2504,13176,1.0,1.0,"[0.1554654925281321,0.8445345074718679]",Bag of Organic Bananas
2504,1890,1.0,1.0,"[0.19903969662226673,0.8009603033777333]",Organic Large Grade A Eggs
2504,28934,0.0,1.0,"[0.4964280242135251,0.503571975786475]",Frozen Broccoli Florets
2528,44873,0.0,1.0,"[0.3301490754445589,0.6698509245554412]",Organic Original Barbeque Sauce
2546,4920,1.0,1.0,"[0.07318465329485951,0.9268153467051405]",Seedless Red Grapes
2546,49683,1.0,1.0,"[0.07360440538823405,0.9263955946117659]",Cucumber Kirby
2546,49683,0.0,1.0,"[0.07360440538823405,0.9263955946117659]",Cucumber Kirby
2546,49683,1.0,1.0,"[0.07360440538823405,0.9263955946117659]",Cucumber Kirby
2546,46069,1.0,1.0,"[0.08309971289141646,0.9169002871085835]",Supergreens!
2546,4472,1.0,1.0,"[0.10490647821810717,0.8950935217818928]",Toasted Coconut Almondmilk Blend
2546,18883,1.0,1.0,"[0.1236211571975141,0.8763788428024859]",Honeydew Chunks
2546,43961,1.0,1.0,"[0.17146201741079808,0.8285379825892019]",Organic Peeled Whole Baby Carrots
2546,33579,1.0,1.0,"[0.20427012472758407,0.7957298752724159]","Potato Chips, Avocado Oil, Kettle Style, Barcelona Barbecue"
2566,36186,1.0,1.0,"[0.07360440538823405,0.9263955946117659]",Large Grade AA Organic Eggs
2566,36186,1.0,1.0,"[0.07360440538823405,0.9263955946117659]",Large Grade AA Organic Eggs
2566,29487,1.0,1.0,"[0.10490647821810717,0.8950935217818928]",Roma Tomato
2566,24852,1.0,1.0,"[0.11225771679990933,0.8877422832000906]",Banana
2566,11777,1.0,1.0,"[0.12485066196667122,0.8751493380333288]",Red Raspberries
2566,7600,1.0,1.0,"[0.25292969060839793,0.747070309391602]",Mild Chunky Salsa
2566,28842,0.0,1.0,"[0.34291405637414424,0.6570859436258558]",Bunched Cilantro
2566,28842,1.0,1.0,"[0.34291405637414424,0.6570859436258558]",Bunched Cilantro
2566,30406,1.0,1.0,"[0.49855135241856924,0.5014486475814308]",Butternut Squash
2566,25591,0.0,1.0,"[0.49855135241856924,0.5014486475814308]",Brown Rice
2566,6252,1.0,1.0,"[0.49855135241856924,0.5014486475814308]",Frijoles Negros Black Beans
2566,39275,1.0,1.0,"[0.4961367031241091,0.5038632968758909]",Organic Blueberries
2592,26209,1.0,1.0,"[0.10214481830682604,0.8978551816931739]",Limes
2592,26209,1.0,1.0,"[0.10214481830682604,0.8978551816931739]",Limes
2592,28156,1.0,1.0,"[0.11171713574447298,0.888282864255527]",Total 0% Nonfat Plain Greek Yogurt
2592,22935,1.0,1.0,"[0.33126167842263304,0.668738321577367]",Organic Yellow Onion
2592,42265,1.0,1.0,"[0.33126167842263304,0.668738321577367]",Organic Baby Carrots
2592,10644,0.0,1.0,"[0.3334048630261434,0.6665951369738565]",Italian Extra Virgin Olive Oil
2592,37687,0.0,1.0,"[0.49543095114482927,0.5045690488551707]",Organic Spring Mix
2592,20632,0.0,1.0,"[0.49855135241856924,0.5014486475814308]",Mache Rosettes French Salad Mix
2658,48949,1.0,1.0,"[0.08416690616377409,0.9158330938362259]",Low Fat Strawberry Milk
2658,48949,1.0,1.0,"[0.08416690616377409,0.9158330938362259]",Low Fat Strawberry Milk
2658,48949,1.0,1.0,"[0.08416690616377409,0.9158330938362259]",Low Fat Strawberry Milk
2658,29429,1.0,1.0,"[0.16816119842262872,0.8318388015773712]",Crunch Berries Cereal
2658,49028,0.0,1.0,"[0.20427012472758407,0.7957298752724159]",Yogurt Raisins
2658,530,0.0,1.0,"[0.4986480260249347,0.5013519739750654]",7UP
2696,41588,1.0,1.0,"[0.33244400858304884,0.6675559914169511]",Firm Tofu
2747,3800,1.0,1.0,"[0.19970485070942243,0.8002951492905775]",Hampshire 100% Natural Sour Cream
2747,18439,0.0,1.0,"[0.3306285012257618,0.6693714987742382]",Sliced Sourdough Bread
2747,5721,0.0,1.0,"[0.4975664159105852,0.5024335840894147]",Vintner's Reserve Zinfandel 2012
2799,5212,1.0,1.0,"[0.07360440538823405,0.9263955946117659]",Watermelon Chunks
2799,14211,1.0,1.0,"[0.1236211571975141,0.8763788428024859]",Baby Food Stage 2 Pumpkin Banana
2799,21137,0.0,1.0,"[0.12544581916834854,0.8745541808316515]",Organic Strawberries
2799,22298,0.0,1.0,"[0.19915890266246888,0.8008410973375311]",Yo Baby Organic Whole Milk Banana Mango Yogurt
2799,10831,1.0,1.0,"[0.19915890266246888,0.8008410973375311]",Yobaby Organic Plain Yogurt
2799,27098,0.0,1.0,"[0.25146884355382615,0.7485311564461739]","Baby Food, Organic, Peach, Banana & Raspberry with Quinoa, 2 (6 Months & Up)"
2799,7177,0.0,1.0,"[0.25146884355382615,0.7485311564461739]",Mini Babybel Mozzarella Cheese
2799,30529,1.0,1.0,"[0.23876537757322772,0.7612346224267723]",Stage 2 Pear Pumpkin Baby Food
2799,30720,0.0,1.0,"[0.33168557824966644,0.6683144217503336]",Sugar Snap Peas
2799,47766,1.0,1.0,"[0.32774052515862107,0.6722594748413789]",Organic Avocado
2815,24852,1.0,1.0,"[0.10490647821810717,0.8950935217818928]",Banana
2815,38293,0.0,1.0,"[0.2500646670087574,0.7499353329912426]",Ground Turkey Breast
2815,33342,1.0,1.0,"[0.34290585316406613,0.6570941468359339]",Organic Red Grape Tomato Package
2965,34969,1.0,1.0,"[0.08309971289141646,0.9169002871085835]",Red Vine Tomato
2965,26604,1.0,1.0,"[0.15563895521891818,0.8443610447810819]",Organic Blackberries
2965,22935,1.0,1.0,"[0.15563895521891818,0.8443610447810819]",Organic Yellow Onion
2965,41007,1.0,1.0,"[0.20039722328697637,0.7996027767130236]",Toffee & Sea Salt Milk Chocolate Bar
2965,41007,1.0,1.0,"[0.20039722328697637,0.7996027767130236]",Toffee & Sea Salt Milk Chocolate Bar
2976,23576,1.0,1.0,"[0.1236211571975141,0.8763788428024859]",Sweet Greens and Lemon Vegetable and Fruit Juice Blend
2976,23576,1.0,1.0,"[0.1236211571975141,0.8763788428024859]",Sweet Greens and Lemon Vegetable and Fruit Juice Blend
2976,42768,0.0,1.0,"[0.49643712537359563,0.5035628746264044]",Organic Garbanzo Beans
2976,22935,0.0,1.0,"[0.4950950247105889,0.504904975289411]",Organic Yellow Onion
2976,10932,1.0,1.0,"[0.49965426389442885,0.5003457361055712]",Spearmint Natural Chewing Gum
3019,20082,1.0,1.0,"[0.12347816052922866,0.8765218394707713]",Organic Whole Milk with DHA Omega-3
3019,20082,1.0,1.0,"[0.12347816052922866,0.8765218394707713]",Organic Whole Milk with DHA Omega-3
3033,46149,0.0,1.0,"[0.324532109469477,0.6754678905305229]",Zero Calorie Cola
3033,196,1.0,1.0,"[0.3235923816342738,0.6764076183657262]",Soda
3048,27086,1.0,1.0,"[0.12470644546630742,0.8752935545336926]",Half & Half
3048,14523,1.0,1.0,"[0.15328071206065277,0.8467192879393473]",Organic  No Salt Sprouted Multigrain Bread
3048,37637,0.0,1.0,"[0.49383850726358086,0.5061614927364191]",Pure Cane Confectioners Powdered Sugar
3048,23044,0.0,1.0,"[0.4964280242135251,0.503571975786475]",Cream Top Smooth & Creamy Vanilla Yogurt
3178,5077,1.0,1.0,"[0.07360440538823405,0.9263955946117659]",100% Whole Wheat Bread
3178,5077,1.0,1.0,"[0.07360440538823405,0.9263955946117659]",100% Whole Wheat Bread
3178,2708,1.0,1.0,"[0.1236211571975141,0.8763788428024859]",Fruit By the Foot Variety Pack
3178,16920,1.0,1.0,"[0.1236211571975141,0.8763788428024859]",Country Potato Bread
3178,9623,0.0,1.0,"[0.1997303386535889,0.8002696613464111]",Sparkling Natural Spring Water
3178,33122,1.0,1.0,"[0.1997303386535889,0.8002696613464111]",Peanut Butter Dark Chocolate Protein Chewy Bars
3178,24691,0.0,1.0,"[0.25472346751838293,0.7452765324816171]",Pearl  Super Absorbency Unscented Tampons
3178,24691,1.0,1.0,"[0.25472346751838293,0.7452765324816171]",Pearl  Super Absorbency Unscented Tampons
3221,21903,1.0,1.0,"[0.07360440538823405,0.9263955946117659]",Organic Baby Spinach
3221,30450,1.0,1.0,"[0.08477304240189694,0.915226957598103]",Creamy Almond Butter
3221,2535,1.0,1.0,"[0.08477304240189694,0.915226957598103]",Shaved Parmesan
3221,12341,1.0,1.0,"[0.10415808293415141,0.8958419170658486]",Hass Avocados
3221,12732,1.0,1.0,"[0.10758910047899868,0.8924108995210013]",Organic Ground Turkey
3221,10326,1.0,1.0,"[0.12432584443093367,0.8756741555690664]",Organic Fuji Apples
3221,27156,0.0,1.0,"[0.1564935648320889,0.8435064351679111]",Organic Black Beans
3221,27966,0.0,1.0,"[0.1978041277214131,0.8021958722785869]",Organic Raspberries
3221,8048,1.0,1.0,"[0.3420354037820477,0.6579645962179523]",Packaged Grape Tomatoes
3223,8744,0.0,1.0,"[0.15415966228335462,0.8458403377166454]",Mixed Vegetables
3223,879,1.0,1.0,"[0.3439686234101558,0.6560313765898442]",Baby Dry Diapers Size 4
3223,40759,1.0,1.0,"[0.49855135241856924,0.5014486475814308]","Unsweetened Almond Breeze, Almond Milk, Original"
3223,34516,0.0,1.0,"[0.4960583362905633,0.5039416637094367]",Soothe & Sleep With Lavander Foaming Bath
3237,32818,1.0,1.0,"[0.2521130447846282,0.7478869552153717]",Organic Pink Lemonade Bunny Fruit Snacks
3295,47766,1.0,1.0,"[0.08309971289141646,0.9169002871085835]",Organic Avocado
3295,24852,0.0,1.0,"[0.10214481830682604,0.8978551816931739]",Banana
3295,30391,1.0,1.0,"[0.12556135369267055,0.8744386463073295]",Organic Cucumber
3295,45007,1.0,1.0,"[0.12556135369267055,0.8744386463073295]",Organic Zucchini
3295,14678,1.0,1.0,"[0.12556135369267055,0.8744386463073295]",Organic Frozen Peas
3295,47492,1.0,1.0,"[0.19865162162864003,0.80134837837136]",Organic Berry Blend
3295,47492,1.0,1.0,"[0.19865162162864003,0.80134837837136]",Organic Berry Blend
3295,28373,1.0,1.0,"[0.2521130447846282,0.7478869552153717]",Original Rotisserie Chicken
3295,23537,0.0,1.0,"[0.3301490754445589,0.6698509245554412]",Light Brown Sugar
3308,16185,1.0,1.0,"[0.17146201741079808,0.8285379825892019]",Sharp Cheddar Cheese
3338,28985,1.0,1.0,"[0.06305525415659465,0.9369447458434054]",Michigan Organic Kale
3338,28985,1.0,1.0,"[0.06305525415659465,0.9369447458434054]",Michigan Organic Kale
3338,44306,1.0,1.0,"[0.07996662056204902,0.9200333794379509]",Organic Broccoli Sprouts
3338,44306,1.0,1.0,"[0.07996662056204902,0.9200333794379509]",Organic Broccoli Sprouts
3338,37646,1.0,1.0,"[0.08309971289141646,0.9169002871085835]",Organic Gala Apples
3338,49235,1.0,1.0,"[0.10214481830682604,0.8978551816931739]",Organic Half & Half
3338,19261,1.0,1.0,"[0.10214481830682604,0.8978551816931739]",Rocky Mountain Sourdough Bread
3338,47209,1.0,1.0,"[0.12544581916834854,0.8745541808316515]",Organic Hass Avocado
3338,37158,0.0,1.0,"[0.12485066196667122,0.8751493380333288]",Chicken & Maple Breakfast Sausage
3338,22935,1.0,1.0,"[0.15563895521891818,0.8443610447810819]",Organic Yellow Onion
3338,21137,1.0,1.0,"[0.15635465740472632,0.8436453425952737]",Organic Strawberries
3338,7412,1.0,1.0,"[0.20039722328697637,0.7996027767130236]",Gluten-Free Red Hot Blues Made with Organic Blue  Corn Tortilla Chips
3338,27695,1.0,1.0,"[0.25168403585717086,0.7483159641428292]",Natural Chicken & Sage Breakfast Sausage
3338,22873,1.0,1.0,"[0.2574909069432999,0.7425090930567001]",Grass Fed Vat Unsalted Cultured Butter
3338,21506,1.0,1.0,"[0.34388136876632464,0.6561186312336753]",Organic Raisin Bran Cereal
3338,26521,1.0,1.0,"[0.49855135241856924,0.5014486475814308]",Organic Grass-Fed Classic Mild Cheddar Macaroni & Cheese
3338,39519,0.0,1.0,"[0.49855135241856924,0.5014486475814308]",Dark Chocolate Peanut Butter Cups
3355,24852,1.0,1.0,"[0.12470644546630742,0.8752935545336926]",Banana
3360,16965,1.0,1.0,"[0.15415966228335462,0.8458403377166454]",Chocolate Ice Cream
3360,30160,0.0,1.0,"[0.49383850726358086,0.5061614927364191]",100% Pure Cider
3363,44632,1.0,1.0,"[0.1261594103462707,0.8738405896537293]",Sparkling Water Grapefruit
3363,16617,1.0,1.0,"[0.34290585316406613,0.6570941468359339]",Organic Muenster Cheese Slices
3363,16182,1.0,1.0,"[0.49542185028297486,0.5045781497170252]",Red Oak Leaf
3396,27845,1.0,1.0,"[0.24828065669789157,0.7517193433021084]",Organic Whole Milk
3396,27845,1.0,1.0,"[0.24828065669789157,0.7517193433021084]",Organic Whole Milk
3396,4605,0.0,1.0,"[0.4940135274025541,0.5059864725974459]",Yellow Onions
3447,24852,0.0,1.0,"[0.49045260764826365,0.5095473923517364]",Banana
3491,36011,0.0,1.0,"[0.19796956742451147,0.8020304325754886]",Organic Fat Free Milk
3491,36011,1.0,1.0,"[0.19796956742451147,0.8020304325754886]",Organic Fat Free Milk
3565,24830,1.0,1.0,"[0.2500646670087574,0.7499353329912426]",Organic Romaine
3565,47766,1.0,1.0,"[0.49300745613917796,0.506992543860822]",Organic Avocado
3568,47209,1.0,1.0,"[0.1554654925281321,0.8445345074718679]",Organic Hass Avocado
3568,20869,0.0,1.0,"[0.33151988583545844,0.6684801141645416]",Yellow Potato
3568,24964,0.0,1.0,"[0.4940135274025541,0.5059864725974459]",Organic Garlic
3614,11712,1.0,1.0,"[0.060367592807345015,0.939632407192655]",Cage Free Large White Eggs
3614,24964,1.0,1.0,"[0.07360440538823405,0.9263955946117659]",Organic Garlic
3614,41213,1.0,1.0,"[0.1236211571975141,0.8763788428024859]",French Loaf
3614,41213,1.0,1.0,"[0.1236211571975141,0.8763788428024859]",French Loaf
3614,33754,1.0,1.0,"[0.12544581916834854,0.8745541808316515]",Total 2% with Strawberry Lowfat Greek Strained Yogurt
3614,6489,0.0,1.0,"[0.34388136876632464,0.6561186312336753]",Backyard Barbeque Potato Chips
3617,4889,1.0,1.0,"[0.25292969060839793,0.747070309391602]",Mini Peeled Carrots
3617,16797,1.0,1.0,"[0.32944944133946513,0.6705505586605349]",Strawberries
3617,13768,0.0,1.0,"[0.49855135241856924,0.5014486475814308]","Ground Pork, Extra Lean, 4% Fat"
3623,33198,1.0,1.0,"[0.07996662056204902,0.9200333794379509]",Sparkling Natural Mineral Water
3623,9339,1.0,1.0,"[0.08250446258092806,0.917495537419072]",Organic Chicken & Apple Sausage
3623,27061,1.0,1.0,"[0.08309971289141646,0.9169002871085835]",Sweet Potato Apple Stage 2 Baby Food
3623,39427,0.0,1.0,"[0.08309971289141646,0.9169002871085835]",Apples + Strawberries Organic Nibbly Fingers
3623,14678,1.0,1.0,"[0.10214481830682604,0.8978551816931739]",Organic Frozen Peas
3623,43005,1.0,1.0,"[0.1236211571975141,0.8763788428024859]",Organic Rooibos Tea
3623,17284,1.0,1.0,"[0.19742142443635816,0.8025785755636419]",Organic Sugar Snap Peas
3623,24964,1.0,1.0,"[0.1958954817458989,0.8041045182541011]",Organic Garlic
3623,22935,1.0,1.0,"[0.1958954817458989,0.8041045182541011]",Organic Yellow Onion
3623,22935,1.0,1.0,"[0.1958954817458989,0.8041045182541011]",Organic Yellow Onion
3623,17948,1.0,1.0,"[0.24861486068982314,0.7513851393101769]",Frozen Organic Wild Blueberries
3623,7695,1.0,1.0,"[0.4955333478733663,0.5044666521266337]",Dark Chocolate Pot De Creme
3623,29156,0.0,1.0,"[0.4955333478733663,0.5044666521266337]",Organic Stage 2 Sweet Potato Garbanzo Barley
3623,46667,1.0,1.0,"[0.4944609312469315,0.5055390687530685]",Organic Ginger Root
3623,2091,1.0,1.0,"[0.4955333478733663,0.5044666521266337]",Almond Nut & Rice Cracker Snacks
3630,3583,1.0,1.0,"[0.169862586810972,0.830137413189028]",Unsweetened Coconut Milk Beverage
3680,21526,0.0,1.0,"[0.16759375713082716,0.8324062428691729]",Organic Golden Round Crackers
3736,31196,0.0,1.0,"[0.3301793427552255,0.6698206572447745]",Half Dozen Grade A White Eggs Large
3736,46676,1.0,1.0,"[0.49179438153283206,0.5082056184671679]",Total 0% Nonfat Greek Yogurt
3780,42768,1.0,1.0,"[0.12411429827982116,0.8758857017201789]",Organic Garbanzo Beans
3781,38455,1.0,1.0,"[0.2521130447846282,0.7478869552153717]",Jalapeno Kettle Cooked Potato Chips
3804,34262,1.0,1.0,"[0.169862586810972,0.830137413189028]",Hint Of Sea Salt Almond Nut Thins
3804,2295,0.0,1.0,"[0.4946037549920971,0.5053962450079029]",Yellow Bell Pepper
3846,27336,0.0,1.0,"[0.49387271701448676,0.5061272829855132]",Organic Rainbow Carrots
3939,35199,1.0,1.0,"[0.06993311606602351,0.9300668839339765]",100% Apple Juice
3939,35359,1.0,1.0,"[0.07360440538823405,0.9263955946117659]",Original Choice Dry Cat Food
3939,23580,1.0,1.0,"[0.1236211571975141,0.8763788428024859]",Outshine Lime Fruit Bars
3939,39132,1.0,1.0,"[0.16757910669974838,0.8324208933002516]",Plastic Cup Squared Base - 30 CT
3939,38802,0.0,1.0,"[0.34294178575950685,0.6570582142404932]",Country Potato Hamburger Buns
3939,39792,0.0,1.0,"[0.3448774431092816,0.6551225568907184]",Beef Chuck with Sweet Onions Burgers
3939,43199,0.0,1.0,"[0.3448774431092816,0.6551225568907184]",Signature Shredded Steak & Three–Cheese Burritos
3939,27974,0.0,1.0,"[0.49965426389442885,0.5003457361055712]",Salisbury Hamburger Helper
3946,29640,1.0,1.0,"[0.19970485070942243,0.8002951492905775]",Unsweetened Ice Tea
3950,13944,1.0,1.0,"[0.06260992701869657,0.9373900729813034]",Pure Water
3950,588,1.0,1.0,"[0.16816119842262872,0.8318388015773712]",Special K Original Cereal
3950,3755,0.0,1.0,"[0.4986480260249347,0.5013519739750654]",Ultra Soft & Strong With Clean Stretch Unscented Bathroom Tissue
3950,27356,0.0,1.0,"[0.49855135241856924,0.5014486475814308]",French Onion Dip
3960,47209,1.0,1.0,"[0.059649144685020264,0.9403508553149797]",Organic Hass Avocado
3960,21903,1.0,1.0,"[0.06260992701869657,0.9373900729813034]",Organic Baby Spinach
3960,17833,1.0,1.0,"[0.0636994437591345,0.9363005562408655]",Gluten Free Cheese Ravioli
3960,3957,1.0,1.0,"[0.07360440538823405,0.9263955946117659]",100% Raw Coconut Water
3960,11440,1.0,1.0,"[0.08477304240189694,0.915226957598103]",Chicken Breast Tenders Breaded
3960,12254,1.0,1.0,"[0.10415808293415141,0.8958419170658486]",Organic Cherries
3960,37971,0.0,1.0,"[0.11029870462373949,0.8897012953762605]",Organic Cranberry Pomegranate Juice
3960,24964,1.0,1.0,"[0.12328862349020123,0.8767113765097988]",Organic Garlic
3980,13259,1.0,1.0,"[0.10415808293415141,0.8958419170658486]",Organic Variety Pack
4079,27392,0.0,1.0,"[0.4949143445407659,0.5050856554592341]",Strawberry Organic Kefir
4112,46106,1.0,1.0,"[0.49746974392798443,0.5025302560720155]",Organic Sriracha Hummus
4201,27796,1.0,1.0,"[0.33244400858304884,0.6675559914169511]",Real Mayonnaise
4242,37710,1.0,1.0,"[0.1241821481316327,0.8758178518683672]",Trail Mix
4242,32455,1.0,1.0,"[0.123592138956746,0.876407861043254]",Whole Grain Cheddar Baked Snack Crackers
4242,3298,1.0,1.0,"[0.19865162162864003,0.80134837837136]",Mozzarella String Cheese
4242,47402,1.0,1.0,"[0.19970485070942243,0.8002951492905775]",Fuji Apples
4289,33065,0.0,1.0,"[0.19865162162864003,0.80134837837136]",Cabernet Sauvignon
4335,44560,1.0,1.0,"[0.06305525415659465,0.9369447458434054]",Kids Organic Chocolate Chip ZBars
4335,35951,1.0,1.0,"[0.06753953222380561,0.9324604677761944]",Organic Unsweetened Almond Milk
4335,33636,1.0,1.0,"[0.06753953222380561,0.9324604677761944]",Organic Shells And White Cheddar
4335,26209,1.0,1.0,"[0.07996662056204902,0.9200333794379509]",Limes
4335,24841,0.0,1.0,"[0.08309971289141646,0.9169002871085835]",Aged White Cheddar Baked Rice & Corn Puffs Gluten Free Lunch Packs
4335,30391,1.0,1.0,"[0.10214481830682604,0.8978551816931739]",Organic Cucumber
4335,22950,0.0,1.0,"[0.10214481830682604,0.8978551816931739]",Natural Free & Clear Dishwasher Detergent Packs
4335,21616,1.0,1.0,"[0.10214481830682604,0.8978551816931739]",Organic Baby Arugula
4335,40706,1.0,1.0,"[0.10214481830682604,0.8978551816931739]",Organic Grape Tomatoes
4335,5077,1.0,1.0,"[0.11225771679990933,0.8877422832000906]",100% Whole Wheat Bread
4335,46720,1.0,1.0,"[0.1236211571975141,0.8763788428024859]",Organic Free Range Chicken Broth
4339,16797,1.0,1.0,"[0.19711850567742828,0.8028814943225717]",Strawberries
4339,29487,0.0,1.0,"[0.2500646670087574,0.7499353329912426]",Roma Tomato
4339,23734,0.0,1.0,"[0.49639726026785075,0.5036027397321492]",Sour Cream
4350,4462,1.0,1.0,"[0.49746974392798443,0.5025302560720155]",Pink Lady Apple Kombucha
4350,37646,0.0,1.0,"[0.4950551614256886,0.5049448385743114]",Organic Gala Apples
4350,3957,1.0,1.0,"[0.49434943849586294,0.5056505615041371]",100% Raw Coconut Water
4362,21616,1.0,1.0,"[0.10214481830682604,0.8978551816931739]",Organic Baby Arugula
4362,47209,0.0,1.0,"[0.1978041277214131,0.8021958722785869]",Organic Hass Avocado
4362,46969,0.0,1.0,"[0.49747884531913916,0.5025211546808608]",Organic Bosc Pear
4362,15261,0.0,1.0,"[0.49855135241856924,0.5014486475814308]",Organic Rosemary
4378,13176,1.0,1.0,"[0.48713227061907316,0.5128677293809268]",Bag of Organic Bananas
4422,35504,0.0,1.0,"[0.49542185028297486,0.5045781497170252]",Real Coconut Water
4422,44632,1.0,1.0,"[0.49300745613917796,0.506992543860822]",Sparkling Water Grapefruit
4514,44632,1.0,1.0,"[0.19645985121712162,0.8035401487828784]",Sparkling Water Grapefruit
4555,25466,1.0,1.0,"[0.123592138956746,0.876407861043254]",Water
4584,27086,1.0,1.0,"[0.07360440538823405,0.9263955946117659]",Half & Half
4584,35140,0.0,1.0,"[0.49855135241856924,0.5014486475814308]",Organic Whole Cashews
4585,812,1.0,1.0,"[0.33244400858304884,0.6675559914169511]",Healthy Grains Oats & Honey Clusters with Toasted Coconut Gluten Free
4618,24852,1.0,1.0,"[0.07360440538823405,0.9263955946117659]",Banana
4618,47144,1.0,1.0,"[0.12485066196667122,0.8751493380333288]",Unsweetened Original Almond Breeze Almond Milk
4618,45696,1.0,1.0,"[0.25472346751838293,0.7452765324816171]",SpongeBob SquarePants Mouthwash
4618,13639,1.0,1.0,"[0.34294178575950685,0.6570582142404932]",Sliced Almonds
4618,34146,0.0,1.0,"[0.4975096100758225,0.5024903899241775]",Fruit By The Foot Berry Tie Dye Fruit Snacks
4674,27845,1.0,1.0,"[0.07360440538823405,0.9263955946117659]",Organic Whole Milk
4674,42828,1.0,1.0,"[0.08309971289141646,0.9169002871085835]",Whipped Cream Cheese
4674,13819,1.0,1.0,"[0.12174169751151893,0.878258302488481]",Roasted Salted Cashews
4674,26604,1.0,1.0,"[0.1978041277214131,0.8021958722785869]",Organic Blackberries
4674,11777,0.0,1.0,"[0.34291405637414424,0.6570859436258558]",Red Raspberries
4674,26940,1.0,1.0,"[0.34291405637414424,0.6570859436258558]",Organic Large Green Asparagus
4674,32515,0.0,1.0,"[0.49650340537383325,0.5034965946261667]",Whole Milk Blended Cherry Greek Yogurt
4675,3579,0.0,1.0,"[0.33151988583545844,0.6684801141645416]",Home Style Beefless Tips
4675,47223,1.0,1.0,"[0.4964280242135251,0.503571975786475]",Gluten Free & Dairy Free Thai Red Curry With Organic Jasmin Rice & Vegetables
4675,28458,0.0,1.0,"[0.4964280242135251,0.503571975786475]",Black Bean Tamale Verde
4685,4920,0.0,1.0,"[0.4950551614256886,0.5049448385743114]",Seedless Red Grapes
4685,38739,1.0,1.0,"[0.49746974392798443,0.5025302560720155]",Hass Avocado
4732,8193,1.0,1.0,"[0.19730876806855294,0.8026912319314471]",Russet Potato
4783,6489,1.0,1.0,"[0.10490647821810717,0.8950935217818928]",Backyard Barbeque Potato Chips
4783,6489,1.0,1.0,"[0.10490647821810717,0.8950935217818928]",Backyard Barbeque Potato Chips
4783,33947,0.0,1.0,"[0.10490647821810717,0.8950935217818928]",Cranberry Nectar 100% Juice
4783,34622,1.0,1.0,"[0.1236211571975141,0.8763788428024859]",Vanilla Cupcakes
4783,42110,1.0,1.0,"[0.1236211571975141,0.8763788428024859]",Organic Macaroni Shells & Real Aged Cheddar
4783,36550,0.0,1.0,"[0.24941713857663209,0.7505828614233679]",Organic Extra Large Grade AA Brown Eggs
4795,43154,1.0,1.0,"[0.12347816052922866,0.8765218394707713]",Sparkling Mineral Water
4795,130,1.0,1.0,"[0.12289102678954421,0.8771089732104558]",Vanilla Milk Chocolate Almond Ice Cream Bars Multi-Pack
4863,32684,1.0,1.0,"[0.49542185028297486,0.5045781497170252]",Grade A Organic Large Brown Eggs
4886,5380,1.0,1.0,"[0.0636994437591345,0.9363005562408655]",Organic Mint Bunch
4886,34574,1.0,1.0,"[0.20039722328697637,0.7996027767130236]",Milk Chocolate baking Chips
4886,31130,0.0,1.0,"[0.19874245496895557,0.8012575450310444]",Sea Salt Flakes Original
4904,4660,1.0,1.0,"[0.15415966228335462,0.8458403377166454]",Sausage Pizza
4904,4660,1.0,1.0,"[0.15415966228335462,0.8458403377166454]",Sausage Pizza
4904,2927,0.0,1.0,"[0.49596166808218983,0.5040383319178101]",Tartar Sauce Squeeze Bottle
4986,4895,1.0,1.0,"[0.10214481830682604,0.8978551816931739]",Orange Mango Sparkling Water
4986,38444,1.0,1.0,"[0.12432584443093367,0.8756741555690664]",Chardonnay
4986,21333,0.0,1.0,"[0.19865162162864003,0.80134837837136]",Original Whipped Cream Cheese
4986,39581,1.0,1.0,"[0.3306285012257618,0.6693714987742382]",French Vanilla Creamer
4986,35898,0.0,1.0,"[0.49746974392798443,0.5025302560720155]",Original Hot Sauce
4986,35898,1.0,1.0,"[0.49746974392798443,0.5025302560720155]",Original Hot Sauce
4986,11281,1.0,1.0,"[0.49746974392798443,0.5025302560720155]",Double Stuf Oreo Sandwich Cookies
5046,9387,0.0,1.0,"[0.19730876806855294,0.8026912319314471]",Granny Smith Apples
5046,43026,1.0,1.0,"[0.33151988583545844,0.6684801141645416]",Deli Fresh Honey Shaved Smoked Ham
5046,28155,0.0,1.0,"[0.4943802001173706,0.5056197998826294]",Premium Lager Beer
5046,48142,1.0,1.0,"[0.4943802001173706,0.5056197998826294]",Diet
5046,22120,0.0,1.0,"[0.4943802001173706,0.5056197998826294]",Minis Mix Variety Bag
5046,6827,0.0,1.0,"[0.4965246937769006,0.5034753062230994]",Imported Beer Bottles
5060,21616,1.0,1.0,"[0.15563895521891818,0.8443610447810819]",Organic Baby Arugula
5060,24891,0.0,1.0,"[0.49650340537383325,0.5034965946261667]",Organic Chocolate 1% Milk with DHA Omega-3
5060,1511,0.0,1.0,"[0.49650340537383325,0.5034965946261667]",2% Reduced Fat DHA Omega-3 Reduced Fat Milk
5060,12206,0.0,1.0,"[0.49855135241856924,0.5014486475814308]",Basil Pesto
5060,45200,0.0,1.0,"[0.49855135241856924,0.5014486475814308]",Organic Cauliflower
5068,19604,1.0,1.0,"[0.33244400858304884,0.6675559914169511]",Medium Scarlet Raspberries
5068,47626,1.0,1.0,"[0.3303039399878775,0.6696960600121225]",Large Lemon
5068,14436,1.0,1.0,"[0.33252983197255614,0.6674701680274439]",With Savory Chicken & Turkey Cat Food
5068,46541,0.0,1.0,"[0.33244400858304884,0.6675559914169511]",Corn Flakes
5068,34590,1.0,1.0,"[0.49746974392798443,0.5025302560720155]",Pitted Dates
5164,47759,1.0,1.0,"[0.19798910766063377,0.8020108923393663]",Mandarin Oranges
5168,38689,1.0,1.0,"[0.059649144685020264,0.9403508553149797]",Organic Reduced Fat Milk
5168,27086,1.0,1.0,"[0.059649144685020264,0.9403508553149797]",Half & Half
5168,27086,1.0,1.0,"[0.059649144685020264,0.9403508553149797]",Half & Half
5168,24852,1.0,1.0,"[0.059649144685020264,0.9403508553149797]",Banana
5168,24235,1.0,1.0,"[0.07360440538823405,0.9263955946117659]",Honey Wheat Enriched Bread
5168,4793,1.0,1.0,"[0.07996662056204902,0.9200333794379509]",Wild Berry Smoothie
5168,30169,1.0,1.0,"[0.12556135369267055,0.8744386463073295]",Total 2% All Natural Plain Greek Yogurt
5168,48230,1.0,1.0,"[0.15500764031082595,0.8449923596891741]",Soft Taco Size White Flour Tortillas
5168,49683,1.0,1.0,"[0.17070065673939416,0.8292993432606058]",Cucumber Kirby
5168,48747,1.0,1.0,"[0.20039722328697637,0.7996027767130236]",Oh My Yog! Gingered Pear Trilayer Yogurt
5168,13212,1.0,1.0,"[0.3415478773137906,0.6584521226862095]",Ground Black Pepper
5205,11520,1.0,1.0,"[0.17223563934874964,0.8277643606512504]",Large Alfresco Eggs
5205,47900,1.0,1.0,"[0.2521130447846282,0.7478869552153717]","Uncured, No Sugar, Hickory Smoked Bacon"
5236,33768,0.0,1.0,"[0.16759375713082716,0.8324062428691729]",Sinfully Sweet Campari Tomatoes
5236,3298,1.0,1.0,"[0.2486496767312573,0.7513503232687427]",Mozzarella String Cheese
5236,7147,1.0,1.0,"[0.24988532851823242,0.7501146714817676]",Classic Baby Creamers Potatoes
5236,7147,1.0,1.0,"[0.24988532851823242,0.7501146714817676]",Classic Baby Creamers Potatoes
5236,37752,1.0,1.0,"[0.3358342081145793,0.6641657918854207]",Dinner Rolls
5236,35561,1.0,1.0,"[0.48958552442326136,0.5104144755767386]",Organic Tortilla Chips
5248,30391,1.0,1.0,"[0.4940135274025541,0.5059864725974459]",Organic Cucumber
5256,15040,1.0,1.0,"[0.4975096100758225,0.5024903899241775]",Organic Acorn Squash
5275,32652,0.0,1.0,"[0.49746974392798443,0.5025302560720155]",Organic Broccoli Slaw
5279,28849,1.0,1.0,"[0.15563895521891818,0.8443610447810819]",No Salt Added Black Beans
5279,21616,0.0,1.0,"[0.1978041277214131,0.8021958722785869]",Organic Baby Arugula
5279,29487,1.0,1.0,"[0.3324520881430518,0.6675479118569482]",Roma Tomato
5289,18987,1.0,1.0,"[0.19865162162864003,0.80134837837136]",Hot Dog Buns
5289,32566,1.0,1.0,"[0.2521130447846282,0.7478869552153717]",Dha Omega 3 Vitamin D Milk
5371,4605,0.0,1.0,"[0.12482139622385872,0.8751786037761413]",Yellow Onions
5371,28985,1.0,1.0,"[0.1556037557095102,0.8443962442904898]",Michigan Organic Kale
5435,36695,1.0,1.0,"[0.10214481830682604,0.8978551816931739]",Organic Hothouse Cucumbers
5435,10017,1.0,1.0,"[0.1236211571975141,0.8763788428024859]",Tilapia Filet
5435,46107,1.0,1.0,"[0.49746974392798443,0.5025302560720155]",Whole Wheat Crackers
5435,6081,0.0,1.0,"[0.4948801331865036,0.5051198668134964]",Chocolate Almond Crunch Ice Cream
5454,21137,1.0,1.0,"[0.19711850567742828,0.8028814943225717]",Organic Strawberries
5454,17794,1.0,1.0,"[0.2490591967622722,0.7509408032377278]",Carrots
5491,43122,1.0,1.0,"[0.11171713574447298,0.888282864255527]",Organic Bartlett Pear
5491,43122,1.0,1.0,"[0.11171713574447298,0.888282864255527]",Organic Bartlett Pear
5491,34969,1.0,1.0,"[0.12295513220852142,0.8770448677914786]",Red Vine Tomato
5491,13380,1.0,1.0,"[0.1518963858037856,0.8481036141962144]",Organic Blue Corn Tortilla Chips
5491,29270,1.0,1.0,"[0.1518963858037856,0.8481036141962144]",Beet Apple Carrot Lemon Ginger Organic Cold Pressed Juice Beverage
5491,42356,1.0,1.0,"[0.16226627988957334,0.8377337201104267]",Strawberry Preserves
5491,42356,1.0,1.0,"[0.16226627988957334,0.8377337201104267]",Strawberry Preserves
5491,15143,1.0,1.0,"[0.16062625584102141,0.8393737441589786]",Blueberry Pint
5491,22164,1.0,1.0,"[0.20039722328697637,0.7996027767130236]","Cherries & Almonds in Dark Chocolate, 55% Cocoa"
5491,19982,1.0,1.0,"[0.20039722328697637,0.7996027767130236]",Part Skim Ricotta
5491,9076,0.0,1.0,"[0.25087690345080776,0.7491230965491922]",Blueberries
5491,26769,1.0,1.0,"[0.3311065868505602,0.6688934131494397]",Organic Unrefined Coconut Oil
5565,3976,1.0,1.0,"[0.33244400858304884,0.6675559914169511]",Green Blueberry Slim Life Tea
5565,48917,1.0,1.0,"[0.49702466371018583,0.5029753362898142]",Original Squeeze Vegenaise
5636,32689,1.0,1.0,"[0.3314926140572972,0.6685073859427029]",Romaine Hearts
5805,24852,0.0,1.0,"[0.32849436868857906,0.6715056313114209]",Banana
5815,23879,1.0,1.0,"[0.10214481830682604,0.8978551816931739]",Applewood Smoked Turkey Breast
5815,23879,1.0,1.0,"[0.10214481830682604,0.8978551816931739]",Applewood Smoked Turkey Breast
5815,34134,1.0,1.0,"[0.10214481830682604,0.8978551816931739]",Spinach Peas & Pear Stage 2 Baby Food
5815,47029,1.0,1.0,"[0.10490647821810717,0.8950935217818928]",Organic Greek Nonfat Yogurt With Mixed Berries
5815,3020,0.0,1.0,"[0.10490647821810717,0.8950935217818928]",Broccoli & Apple Stage 2 Baby Food
5815,10132,1.0,1.0,"[0.1236211571975141,0.8763788428024859]",Organic American Cheese Singles
6008,26209,0.0,1.0,"[0.4961367031241091,0.5038632968758909]",Limes
6049,35469,1.0,1.0,"[0.33244400858304884,0.6675559914169511]",Enchilada Black Bean Vegetable
6083,24852,0.0,1.0,"[0.15635465740472632,0.8436453425952737]",Banana
6083,5479,0.0,1.0,"[0.49330783869374323,0.5066921613062567]",Italian Sparkling Mineral Water
6114,2855,1.0,1.0,"[0.16759375713082716,0.8324062428691729]",Organic Good Seed Bread
6114,890,1.0,1.0,"[0.4894794204904918,0.5105205795095082]",Organic Diced Tomatoes
6118,18465,1.0,1.0,"[0.0636994437591345,0.9363005562408655]",Organic Grade A Free Range Large Brown Eggs
6118,44987,0.0,1.0,"[0.0636994437591345,0.9363005562408655]",Heavy Whipping Cream
6118,40396,1.0,1.0,"[0.08250446258092806,0.917495537419072]",Guacamole
6118,43749,1.0,1.0,"[0.1236211571975141,0.8763788428024859]",Organic Ice Cream Vanilla Bean
6118,21137,1.0,1.0,"[0.12544581916834854,0.8745541808316515]",Organic Strawberries
6118,18027,1.0,1.0,"[0.1236211571975141,0.8763788428024859]",Ezekiel 4:9 Bread Organic Sprouted Whole Grain
6118,30774,1.0,1.0,"[0.16816119842262872,0.8318388015773712]",Organic French Roast Ground Coffee
6118,47209,1.0,1.0,"[0.2498692554798021,0.7501307445201979]",Organic Hass Avocado
6118,11755,1.0,1.0,"[0.25097729347240866,0.7490227065275914]",Chili Powder
6118,14462,0.0,1.0,"[0.49855135241856924,0.5014486475814308]",Sliced Black Olives
6118,6291,1.0,1.0,"[0.49650340537383325,0.5034965946261667]",Ezekiel 4:9 Flax Sprouted Grain Bread
6183,17948,0.0,1.0,"[0.32923123290403616,0.6707687670959639]",Frozen Organic Wild Blueberries
6186,24810,1.0,1.0,"[0.32993181505910185,0.6700681849408981]",Organic Lightly Salted Brown Rice Cakes
6186,1940,1.0,1.0,"[0.49151460134826874,0.5084853986517313]",Organic 2% Reduced Fat Milk
6210,13629,0.0,1.0,"[0.2500646670087574,0.7499353329912426]",Organic Snipped Green Beans
6210,26769,1.0,1.0,"[0.3301490754445589,0.6698509245554412]",Organic Unrefined Coconut Oil
6246,21938,1.0,1.0,"[0.10490647821810717,0.8950935217818928]",Green Bell Pepper
6246,13176,0.0,1.0,"[0.11225771679990933,0.8877422832000906]",Bag of Organic Bananas
6246,13176,1.0,1.0,"[0.11225771679990933,0.8877422832000906]",Bag of Organic Bananas
6246,12075,1.0,1.0,"[0.1236211571975141,0.8763788428024859]",Spicy Hummus
6246,2086,0.0,1.0,"[0.49639726026785075,0.5036027397321492]",Sustainably Soft Bath Tissue
6250,196,1.0,1.0,"[0.059649144685020264,0.9403508553149797]",Soda
6250,13176,1.0,1.0,"[0.06305525415659465,0.9369447458434054]",Bag of Organic Bananas
6250,30720,1.0,1.0,"[0.25168403585717086,0.7483159641428292]",Sugar Snap Peas
6253,46676,1.0,1.0,"[0.49179438153283206,0.5082056184671679]",Total 0% Nonfat Greek Yogurt
6303,12341,1.0,1.0,"[0.3400989095702995,0.6599010904297005]",Hass Avocados
6373,40299,1.0,1.0,"[0.34290585316406613,0.6570941468359339]",Soft Taco Flour Tortillas
6395,28373,1.0,1.0,"[0.19970485070942243,0.8002951492905775]",Original Rotisserie Chicken
6399,47209,0.0,1.0,"[0.08309971289141646,0.9169002871085835]",Organic Hass Avocado
6399,21938,1.0,1.0,"[0.15563895521891818,0.8443610447810819]",Green Bell Pepper
6399,27900,1.0,1.0,"[0.19970485070942243,0.8002951492905775]",Vegan Apple Maple Breakfast Sausage
6399,8163,1.0,1.0,"[0.2521130447846282,0.7478869552153717]",Alfredo Cheezy Mac
6399,1244,0.0,1.0,"[0.49746974392798443,0.5025302560720155]",Organic Orange Bell Pepper
6399,38205,0.0,1.0,"[0.49746974392798443,0.5025302560720155]",Cheddar Cheezy Mac
6427,23430,1.0,1.0,"[0.12421128526753572,0.8757887147324643]",Sheep Milk Vanilla Yogurt
6427,10492,1.0,1.0,"[0.169862586810972,0.830137413189028]",Coconut Milk
6427,45007,1.0,1.0,"[0.17070065673939416,0.8292993432606058]",Organic Zucchini
6427,37158,1.0,1.0,"[0.1986574172111695,0.8013425827888305]",Chicken & Maple Breakfast Sausage
6427,37646,1.0,1.0,"[0.2498692554798021,0.7501307445201979]",Organic Gala Apples
6427,10749,1.0,1.0,"[0.2498692554798021,0.7501307445201979]",Organic Red Bell Pepper
6427,26882,0.0,1.0,"[0.3334048630261434,0.6665951369738565]",Russet Potatoes
6427,48620,1.0,1.0,"[0.49855135241856924,0.5014486475814308]",Organic Sharp Cheddar Cheese
6485,33568,1.0,1.0,"[0.10214481830682604,0.8978551816931739]",Fresh Tilapia Fillet
6485,33791,0.0,1.0,"[0.10214481830682604,0.8978551816931739]",Raspberry on the Bottom Nonfat Greek Yogurt
6485,31683,0.0,1.0,"[0.15415966228335462,0.8458403377166454]",Original No Pulp 100% Florida Orange Juice
6485,28127,1.0,1.0,"[0.16816119842262872,0.8318388015773712]",Flat Fillet Anchovies in Olive Oil with Salt Added
6485,18603,1.0,1.0,"[0.2566645937426411,0.7433354062573589]",Olive & Garlic Tapenade
6490,35221,1.0,1.0,"[0.1069676900323677,0.8930323099676323]",Lime Sparkling Water
6490,6069,1.0,1.0,"[0.1236211571975141,0.8763788428024859]",Maple Pumpkin Seeds with Sea Salt Chewy with a Crunch Granola Bars
6496,15392,1.0,1.0,"[0.19798910766063377,0.8020108923393663]",Organic Mayonnaise
6496,10798,1.0,1.0,"[0.2513281535533323,0.7486718464466677]",Organic Salted Individually Wrapped Quarters Butter
6511,13176,1.0,1.0,"[0.10214481830682604,0.8978551816931739]",Bag of Organic Bananas
6511,17600,1.0,1.0,"[0.15563895521891818,0.8443610447810819]","YoKids Squeezers Organic Low-Fat Yogurt, Strawberry"
6511,22935,1.0,1.0,"[0.15563895521891818,0.8443610447810819]",Organic Yellow Onion
6511,41844,1.0,1.0,"[0.1986574172111695,0.8013425827888305]",Honey Nut Cheerios
6511,29941,0.0,1.0,"[0.34388136876632464,0.6561186312336753]",Red Plums
6519,40091,1.0,1.0,"[0.12289102678954421,0.8771089732104558]",Seasoned Black Beans
6519,43621,1.0,1.0,"[0.33244400858304884,0.6675559914169511]",Chik'n Patties
6542,44449,0.0,1.0,"[0.4964280242135251,0.503571975786475]",Organic Tomato Sauce
6546,21137,1.0,1.0,"[0.08309971289141646,0.9169002871085835]",Organic Strawberries
6546,13535,1.0,1.0,"[0.10214481830682604,0.8978551816931739]",Organic Medium Salsa
6546,39275,1.0,1.0,"[0.15563895521891818,0.8443610447810819]",Organic Blueberries
6546,9741,1.0,1.0,"[0.15415966228335462,0.8458403377166454]",Cheese Pizza
6546,43122,1.0,1.0,"[0.17146201741079808,0.8285379825892019]",Organic Bartlett Pear
6546,40706,0.0,1.0,"[0.2498692554798021,0.7501307445201979]",Organic Grape Tomatoes
6546,48628,1.0,1.0,"[0.3334048630261434,0.6665951369738565]",Organic Whole Wheat Bread
6546,48182,1.0,1.0,"[0.49855135241856924,0.5014486475814308]",Gluten Free Spinach Cakes
6546,24841,1.0,1.0,"[0.49855135241856924,0.5014486475814308]",Aged White Cheddar Baked Rice & Corn Puffs Gluten Free Lunch Packs
6586,15290,0.0,1.0,"[0.2500646670087574,0.7499353329912426]",Orange Bell Pepper
6599,1463,1.0,1.0,"[0.12541643390988041,0.8745835660901196]",Organic Milk
6599,30233,1.0,1.0,"[0.12541643390988041,0.8745835660901196]",Organic Large Brown Grade AA Cage Free Eggs
6599,29051,1.0,1.0,"[0.4948801331865036,0.5051198668134964]",Mild Fruit Toddler Training Toothpaste
6599,39190,0.0,1.0,"[0.49542185028297486,0.5045781497170252]",Vanilla Unsweetened Almond Milk
6614,12904,0.0,1.0,"[0.4950110090930918,0.5049889909069082]",Pure Zero Cola
6636,8536,1.0,1.0,"[0.2513281535533323,0.7486718464466677]",Green Leaf Shreds
6636,34459,0.0,1.0,"[0.49383850726358086,0.5061614927364191]",Cavity Protection Regular Toothpaste Gel 6.4 Oz Dentifrice
6645,45007,1.0,1.0,"[0.2490591967622722,0.7509408032377278]",Organic Zucchini
6645,34590,1.0,1.0,"[0.49746974392798443,0.5025302560720155]",Pitted Dates
6645,21850,0.0,1.0,"[0.49746974392798443,0.5025302560720155]",Waffle Cut Sweet Potato Seasoned Fries
6649,22288,1.0,1.0,"[0.07360440538823405,0.9263955946117659]",Lemongrass Coconut Chicken
6649,31210,1.0,1.0,"[0.11171713574447298,0.888282864255527]",Philadelphia Reduced Fat Cream Cheese Spread
6651,27418,1.0,1.0,"[0.1210211346686708,0.8789788653313292]",Storage Bags
6651,35855,1.0,1.0,"[0.2508700613608203,0.7491299386391796]",Unbleached All-Purpose Flour
6651,29141,1.0,1.0,"[0.33244400858304884,0.6675559914169511]",Pomegranate and Lemon Verbena Body Wash
6651,10781,0.0,1.0,"[0.4948801331865036,0.5051198668134964]",Coconut Milk Nourishing Shampoo
6651,30638,0.0,1.0,"[0.49746974392798443,0.5025302560720155]",White Paper Towels
6651,31066,0.0,1.0,"[0.4948801331865036,0.5051198668134964]",Aluminum Foil
6674,26124,0.0,1.0,"[0.48645014794483205,0.513549852055168]",Tartar Protection Whitening Toothpaste Cool Mint Paste
6679,46522,0.0,1.0,"[0.4949143445407659,0.5050856554592341]",Spaghetti Pasta
6681,21903,1.0,1.0,"[0.32849436868857906,0.6715056313114209]",Organic Baby Spinach
6682,23458,1.0,1.0,"[0.11158615559462905,0.888413844405371]",Creamy milk chocolate with crisped rice. Chocolate Candy bar
6682,16965,1.0,1.0,"[0.2500877458441325,0.7499122541558675]",Chocolate Ice Cream
6698,16521,0.0,1.0,"[0.49746974392798443,0.5025302560720155]",Walnut Halves & Pieces
6699,21137,1.0,1.0,"[0.19711850567742828,0.8028814943225717]",Organic Strawberries
6733,49235,1.0,1.0,"[0.06753953222380561,0.9324604677761944]",Organic Half & Half
6733,49235,1.0,1.0,"[0.06753953222380561,0.9324604677761944]",Organic Half & Half
6733,22825,1.0,1.0,"[0.12485066196667122,0.8751493380333288]",Organic D'Anjou Pears
6733,44987,1.0,1.0,"[0.15563895521891818,0.8443610447810819]",Heavy Whipping Cream
6733,37766,1.0,1.0,"[0.25168403585717086,0.7483159641428292]",XL Emerald White Seedless Grapes
6733,20738,1.0,1.0,"[0.34388136876632464,0.6561186312336753]",Plain Bagels
6733,28199,1.0,1.0,"[0.34291405637414424,0.6570859436258558]","Clementines, Bag"
6733,11452,0.0,1.0,"[0.34388136876632464,0.6561186312336753]",Honey Dijon Potato Chips
6735,35221,1.0,1.0,"[0.1554654925281321,0.8445345074718679]",Lime Sparkling Water
6735,26620,1.0,1.0,"[0.2500646670087574,0.7499353329912426]",Peach Pear Flavored Sparkling Water
6735,46105,1.0,1.0,"[0.49746974392798443,0.5025302560720155]",Gluten Free Dark Chocolate Brownie Bites
6742,32163,1.0,1.0,"[0.123592138956746,0.876407861043254]",Hot Salsa
6742,7234,1.0,1.0,"[0.16594434378396525,0.8340556562160347]",Light & Fit Crunch Strawberry Cheesecake Yogurt
6742,23082,0.0,1.0,"[0.19970485070942243,0.8002951492905775]",2% Chocolate Milk
6777,36307,1.0,1.0,"[0.49746974392798443,0.5025302560720155]",Milano Double Chocolate Cookies
6790,24852,0.0,1.0,"[0.48941127153692143,0.5105887284630786]",Banana
6817,14536,1.0,1.0,"[0.49746974392798443,0.5025302560720155]",Natural Goodness 33% Less Sodium Chicken Broth
6817,19519,1.0,1.0,"[0.4948801331865036,0.5051198668134964]",Organic Bay Leaves
6883,22819,1.0,1.0,"[0.2521130447846282,0.7478869552153717]",Organic Medium Chili
6883,5692,0.0,1.0,"[0.33244400858304884,0.6675559914169511]",Cinnamon & Spice Instant Oatmeal
6883,39160,0.0,1.0,"[0.33244400858304884,0.6675559914169511]",Kefir Cultured Strawberry Milk Drink
6883,39160,1.0,1.0,"[0.33244400858304884,0.6675559914169511]",Kefir Cultured Strawberry Milk Drink
7000,6656,1.0,1.0,"[0.07360440538823405,0.9263955946117659]",Organic California Style Sprouted Bread
7000,6656,1.0,1.0,"[0.07360440538823405,0.9263955946117659]",Organic California Style Sprouted Bread
7000,39877,0.0,1.0,"[0.10214481830682604,0.8978551816931739]",Organic Granny Smith Apple
7000,44397,1.0,1.0,"[0.10214481830682604,0.8978551816931739]",Organic European Style Sweet Unsalted Butter
7000,47209,1.0,1.0,"[0.10551732924124883,0.8944826707587512]",Organic Hass Avocado
7000,4097,1.0,1.0,"[0.10551732924124883,0.8944826707587512]",Whole Grain Loaf
7000,45866,0.0,1.0,"[0.15500764031082595,0.8449923596891741]",Fig Newmans Fruit Filled Cookies
7000,40691,1.0,1.0,"[0.1689229637469058,0.8310770362530941]",Whole Jersey Milk Low Pasteurized
7000,26453,1.0,1.0,"[0.1984697465405337,0.8015302534594663]",Organic SprouTofu Royal Thai Baked Tofu
7000,27544,1.0,1.0,"[0.19742142443635816,0.8025785755636419]",Lemon Verbena Hand Soap
7000,27881,1.0,1.0,"[0.2506553318966807,0.7493446681033193]","Olives, Organic, Kalamata, Pitted"
7000,42828,1.0,1.0,"[0.24861486068982314,0.7513851393101769]",Whipped Cream Cheese
7000,5353,1.0,1.0,"[0.2506553318966807,0.7493446681033193]",Two Organic Cornmeal Pizza Crusts
7000,19057,1.0,1.0,"[0.3371617430970002,0.6628382569029998]",Organic Large Extra Fancy Fuji Apple
7000,24859,1.0,1.0,"[0.4955333478733663,0.5044666521266337]",Packaged Organic Apricots
7003,10132,1.0,1.0,"[0.11171713574447298,0.888282864255527]",Organic American Cheese Singles
7003,13176,0.0,1.0,"[0.12354252908380392,0.8764574709161961]",Bag of Organic Bananas
7003,37646,1.0,1.0,"[0.19645985121712162,0.8035401487828784]",Organic Gala Apples
7003,27454,1.0,1.0,"[0.2513281535533323,0.7486718464466677]",Organic Mini Sandwich Crackers Cheddar Cheese
7003,17021,1.0,1.0,"[0.2513281535533323,0.7486718464466677]",Baked Mini Beef Meatballs
7003,42265,1.0,1.0,"[0.24828065669789157,0.7517193433021084]",Organic Baby Carrots
7003,34126,1.0,1.0,"[0.24828065669789157,0.7517193433021084]",Organic Italian Parsley Bunch
7003,7952,1.0,1.0,"[0.4964280242135251,0.503571975786475]",Chicken & Apple Breakfast Sausage
7003,37594,1.0,1.0,"[0.4943802001173706,0.5056197998826294]",French Vanilla Yogurt
7018,31808,1.0,1.0,"[0.07360440538823405,0.9263955946117659]",Lemon-Lime 12 Pack Soda
7018,33007,1.0,1.0,"[0.16816119842262872,0.8318388015773712]",Peppermint Patties Candy
7018,25330,1.0,1.0,"[0.33244400858304884,0.6675559914169511]",Pecan Nut & Rice Cracker Snacks
7062,24838,1.0,1.0,"[0.11158615559462905,0.888413844405371]",Unsweetened Almondmilk
7062,24857,1.0,1.0,"[0.16816119842262872,0.8318388015773712]",Raspberry Filmjolk Non-Fat Drinkable Yogurt
7062,36082,1.0,1.0,"[0.169862586810972,0.830137413189028]",Organic Mango
7062,46969,1.0,1.0,"[0.19796956742451147,0.8020304325754886]",Organic Bosc Pear
7062,46709,0.0,1.0,"[0.34290585316406613,0.6570941468359339]",Gluten Free Old Fashioned Rolled Oats
7062,32299,1.0,1.0,"[0.3405755452352216,0.6594244547647784]",Dijon Mustard
7067,6291,0.0,1.0,"[0.3306285012257618,0.6693714987742382]",Ezekiel 4:9 Flax Sprouted Grain Bread
7077,22917,1.0,1.0,"[0.11171713574447298,0.888282864255527]",Kit's Organic Dark Chocolate Walnut Fruit & Nut Bar
7077,37646,1.0,1.0,"[0.12544581916834854,0.8745541808316515]",Organic Gala Apples
7077,14267,1.0,1.0,"[0.15415966228335462,0.8458403377166454]",Organic Refried Black Beans
7077,44632,1.0,1.0,"[0.33893074852406835,0.6610692514759317]",Sparkling Water Grapefruit
7077,36036,0.0,1.0,"[0.34109824239670106,0.6589017576032989]",Organic Orange Fruit Juice
7077,46667,0.0,1.0,"[0.49643712537359563,0.5035628746264044]",Organic Ginger Root
7079,11777,1.0,1.0,"[0.06753953222380561,0.9324604677761944]",Red Raspberries
7079,11777,0.0,1.0,"[0.06753953222380561,0.9324604677761944]",Red Raspberries
7079,21903,1.0,1.0,"[0.17147155441992654,0.8285284455800734]",Organic Baby Spinach
7079,13083,1.0,1.0,"[0.19934125222129842,0.8006587477787016]",Lowfat Small Curd Cottage Cheese
7079,17122,1.0,1.0,"[0.3420354037820477,0.6579645962179523]",Honeycrisp Apples
7079,31683,1.0,1.0,"[0.49855135241856924,0.5014486475814308]",Original No Pulp 100% Florida Orange Juice
7085,24535,1.0,1.0,"[0.15328071206065277,0.8467192879393473]",Plain Whole Milk Yogurt
7085,21137,1.0,1.0,"[0.17147155441992654,0.8285284455800734]",Organic Strawberries
7185,49235,1.0,1.0,"[0.07360440538823405,0.9263955946117659]",Organic Half & Half
7185,49235,1.0,1.0,"[0.07360440538823405,0.9263955946117659]",Organic Half & Half
7185,41950,1.0,1.0,"[0.12485066196667122,0.8751493380333288]",Organic Tomato Cluster
7185,41220,1.0,1.0,"[0.1708708468854093,0.8291291531145907]",Organic Romaine Lettuce
7185,41220,1.0,1.0,"[0.1708708468854093,0.8291291531145907]",Organic Romaine Lettuce
7185,23737,1.0,1.0,"[0.2521431141079378,0.7478568858920622]",Organic 100% Grapefruit  Juice
7185,13342,1.0,1.0,"[0.49965426389442885,0.5003457361055712]",Gluten Free Plain Bread
7185,41990,0.0,1.0,"[0.4975096100758225,0.5024903899241775]",Bagel Chips
7196,39928,1.0,1.0,"[0.2500646670087574,0.7499353329912426]",Organic Kiwi
7196,14678,1.0,1.0,"[0.3419398547459666,0.6580601452540333]",Organic Frozen Peas
7205,13702,1.0,1.0,"[0.1236211571975141,0.8763788428024859]",Good Seed Organic Thin Sliced Bread
7205,16589,1.0,1.0,"[0.1236211571975141,0.8763788428024859]",Plantain Chips
7205,13176,1.0,1.0,"[0.12544581916834854,0.8745541808316515]",Bag of Organic Bananas
7205,13176,1.0,1.0,"[0.12544581916834854,0.8745541808316515]",Bag of Organic Bananas
7205,21169,1.0,1.0,"[0.16601665936907764,0.8339833406309224]",Chile Picante Plantain Chips
7205,4656,1.0,1.0,"[0.169862586810972,0.830137413189028]",Raspberry Preserves
7205,24964,0.0,1.0,"[0.1978041277214131,0.8021958722785869]",Organic Garlic
7205,27521,1.0,1.0,"[0.1986574172111695,0.8013425827888305]",Organic Lacinato (Dinosaur) Kale
7205,1104,0.0,1.0,"[0.25292969060839793,0.747070309391602]",Plain Yogurt
7205,47626,1.0,1.0,"[0.2498692554798021,0.7501307445201979]",Large Lemon
7205,27104,0.0,1.0,"[0.34170536118273254,0.6582946388172675]",Fresh Cauliflower
7256,27845,1.0,1.0,"[0.1261594103462707,0.8738405896537293]",Organic Whole Milk
7256,34358,1.0,1.0,"[0.2500646670087574,0.7499353329912426]",Garlic
7256,21903,1.0,1.0,"[0.2490591967622722,0.7509408032377278]",Organic Baby Spinach
7273,4847,1.0,1.0,"[0.49746974392798443,0.5025302560720155]",Organic Low-Fat Medium Black Bean Chili
7310,40706,1.0,1.0,"[0.06260992701869657,0.9373900729813034]",Organic Grape Tomatoes
7310,30639,1.0,1.0,"[0.0636994437591345,0.9363005562408655]",Organic Orange Juice
7310,30639,1.0,1.0,"[0.0636994437591345,0.9363005562408655]",Organic Orange Juice
7310,27845,1.0,1.0,"[0.06993311606602351,0.9300668839339765]",Organic Whole Milk
7310,13176,1.0,1.0,"[0.06993311606602351,0.9300668839339765]",Bag of Organic Bananas
7310,13176,1.0,1.0,"[0.06993311606602351,0.9300668839339765]",Bag of Organic Bananas
7310,13176,1.0,1.0,"[0.06993311606602351,0.9300668839339765]",Bag of Organic Bananas
7310,13176,1.0,1.0,"[0.06993311606602351,0.9300668839339765]",Bag of Organic Bananas
7310,35633,1.0,1.0,"[0.07996662056204902,0.9200333794379509]",Chocolate Peanut Butter
7310,48720,1.0,1.0,"[0.07996662056204902,0.9200333794379509]",Shoestring Fries
7310,8174,1.0,1.0,"[0.08309971289141646,0.9169002871085835]",Organic Navel Orange
7310,15686,1.0,1.0,"[0.3334048630261434,0.6665951369738565]",Classic Pretzel Crackers
7310,42701,0.0,1.0,"[0.49747884531913916,0.5025211546808608]",Organic Sour Cream
7310,26620,1.0,1.0,"[0.49543095114482927,0.5045690488551707]",Peach Pear Flavored Sparkling Water
7337,6182,1.0,1.0,"[0.12421128526753572,0.8757887147324643]",Natural Artesian Bottled Water
7339,18573,0.0,1.0,"[0.2498734626434255,0.7501265373565745]",Spinach & Artichoke Ravioli
7339,9190,0.0,1.0,"[0.2543983324456443,0.7456016675543558]",Chicken & Vegetable Spring Rolls
7339,30824,1.0,1.0,"[0.3298055121564108,0.6701944878435893]",Boneless Fried Chicken
7339,15872,0.0,1.0,"[0.49449169302154505,0.505508306978455]",Celery Hearts
7339,44142,1.0,1.0,"[0.49341932576239195,0.506580674237608]",Red Onion
7403,39275,0.0,1.0,"[0.4950551614256886,0.5049448385743114]",Organic Blueberries
7421,19660,1.0,1.0,"[0.10415808293415141,0.8958419170658486]",Spring Water
7421,19660,1.0,1.0,"[0.10415808293415141,0.8958419170658486]",Spring Water
7453,21903,1.0,1.0,"[0.10415808293415141,0.8958419170658486]",Organic Baby Spinach
7453,16797,1.0,1.0,"[0.19524986691260374,0.8047501330873963]",Strawberries
7453,39275,1.0,1.0,"[0.2468495583202483,0.7531504416797516]",Organic Blueberries
7557,27845,1.0,1.0,"[0.07318465329485951,0.9268153467051405]",Organic Whole Milk
7557,27845,1.0,1.0,"[0.07318465329485951,0.9268153467051405]",Organic Whole Milk
7557,27845,1.0,1.0,"[0.07318465329485951,0.9268153467051405]",Organic Whole Milk
7557,42719,1.0,1.0,"[0.07360440538823405,0.9263955946117659]",Natural Premium Coconut Water
7557,42719,0.0,1.0,"[0.07360440538823405,0.9263955946117659]",Natural Premium Coconut Water
7557,27344,1.0,1.0,"[0.10214481830682604,0.8978551816931739]",Uncured Genoa Salami
7557,27344,1.0,1.0,"[0.10214481830682604,0.8978551816931739]",Uncured Genoa Salami
7557,2326,1.0,1.0,"[0.169862586810972,0.830137413189028]",Organic Blueberry Waffles
7565,24852,1.0,1.0,"[0.059649144685020264,0.9403508553149797]",Banana
7565,19584,1.0,1.0,"[0.07996662056204902,0.9200333794379509]",Dairy Pure 2% Milkfat Reduced Fat Milk
7565,5450,1.0,1.0,"[0.07996662056204902,0.9200333794379509]",Small Hass Avocado
7565,39928,1.0,1.0,"[0.08250446258092806,0.917495537419072]",Organic Kiwi
7565,32585,1.0,1.0,"[0.08309971289141646,0.9169002871085835]",Sprouted Wheat Cinnamon Raisin Bagels
7565,47196,1.0,1.0,"[0.08309971289141646,0.9169002871085835]",Snack Pack Classic Original Hommus With Chips
7565,28798,1.0,1.0,"[0.08309971289141646,0.9169002871085835]",Frozen Greek Yogurt Bars Blueberry
7565,28798,1.0,1.0,"[0.08309971289141646,0.9169002871085835]",Frozen Greek Yogurt Bars Blueberry
7565,26443,1.0,1.0,"[0.10214481830682604,0.8978551816931739]",Sesame Street Mini Cheese Ravioli
7565,21903,1.0,1.0,"[0.10490647821810717,0.8950935217818928]",Organic Baby Spinach
7565,48679,1.0,1.0,"[0.12485066196667122,0.8751493380333288]",Organic Garnet Sweet Potato (Yam)
7565,13417,1.0,1.0,"[0.1236211571975141,0.8763788428024859]",Strawberry Frozen Greek Yogurt Bars
7565,17949,1.0,1.0,"[0.25168403585717086,0.7483159641428292]",Mild Cheddar Cheese Sticks
7565,9390,1.0,1.0,"[0.25292969060839793,0.747070309391602]",Frozen Peaches
7565,10199,0.0,1.0,"[0.49855135241856924,0.5014486475814308]",Watermelon Agave Frozen Pops
7577,45007,1.0,1.0,"[0.4925000096002255,0.5074999903997746]",Organic Zucchini
7585,10537,0.0,1.0,"[0.4949143445407659,0.5050856554592341]",Organic Protein Unsweetened Vanilla Almond Milk
7717,9901,0.0,1.0,"[0.33244400858304884,0.6675559914169511]",Original Strawberry Banana Yogurt
7717,20754,1.0,1.0,"[0.49746974392798443,0.5025302560720155]",Mediterranean Mint Gelato
7734,7835,1.0,1.0,"[0.4964280242135251,0.503571975786475]",Tomato Basil Cooking Sauce
7760,24852,1.0,1.0,"[0.10551732924124883,0.8944826707587512]",Banana
7760,5750,1.0,1.0,"[0.12432584443093367,0.8756741555690664]",Total Plain Greek Strained Yogurt
7760,40310,1.0,1.0,"[0.19796956742451147,0.8020304325754886]",Oven Roasted Turkey Breast
7760,737,1.0,1.0,"[0.3301490754445589,0.6698509245554412]",100% Whole Wheat Flour Burrito Tortillas
7760,2823,1.0,1.0,"[0.33244400858304884,0.6675559914169511]",Whole Wheat Penne Rigate
7782,22993,1.0,1.0,"[0.169862586810972,0.830137413189028]",Super Seed Crispy Crackers
7809,30489,1.0,1.0,"[0.07318465329485951,0.9268153467051405]",Original Hummus
7809,8277,1.0,1.0,"[0.10214481830682604,0.8978551816931739]",Apple Honeycrisp Organic
7809,216,1.0,1.0,"[0.15415966228335462,0.8458403377166454]","Gluten Free Oatmeal, Variety Pack"
7809,25758,1.0,1.0,"[0.15415966228335462,0.8458403377166454]",Super Tea Sweet Thorn
7809,38573,1.0,1.0,"[0.20039722328697637,0.7996027767130236]",Large Trash Bags 30 Gallon
7809,39450,1.0,1.0,"[0.25292969060839793,0.747070309391602]",Oragnic Ginger Lemon Kombucha
7809,4605,1.0,1.0,"[0.4961367031241091,0.5038632968758909]",Yellow Onions
7829,48812,1.0,1.0,"[0.4895456746329147,0.5104543253670852]",Variety Pack
7839,1408,0.0,1.0,"[0.15415966228335462,0.8458403377166454]",Mini Cucumbers
7839,4605,1.0,1.0,"[0.17070065673939416,0.8292993432606058]",Yellow Onions
7839,15008,1.0,1.0,"[0.16816119842262872,0.8318388015773712]",Chocolate Hazelnut Butter
7839,10644,1.0,1.0,"[0.25168403585717086,0.7483159641428292]",Italian Extra Virgin Olive Oil
7874,11154,1.0,1.0,"[0.4975096100758225,0.5024903899241775]",Corn Pops Cereal
7885,24852,0.0,1.0,"[0.12544581916834854,0.8745541808316515]",Banana
7885,8518,1.0,1.0,"[0.17011157228989168,0.8298884277101083]",Organic Red Onion
7885,49683,0.0,1.0,"[0.24828065669789157,0.7517193433021084]",Cucumber Kirby
7885,43957,1.0,1.0,"[0.34196754635190024,0.6580324536480997]",Peanut Butter Chocolate Pretzel Gelato
7885,21367,1.0,1.0,"[0.4964280242135251,0.503571975786475]",Wild Sardines in Spring Water
7885,13668,1.0,1.0,"[0.4964280242135251,0.503571975786475]",Powersmile Peppermint Toothpaste
7955,31231,1.0,1.0,"[0.10214481830682604,0.8978551816931739]",Vitamin Water Zero Rise Orange
7969,28985,1.0,1.0,"[0.1564935648320889,0.8435064351679111]",Michigan Organic Kale
7969,2716,0.0,1.0,"[0.49746974392798443,0.5025302560720155]",Organic Greek Lowfat Yogurt With Strawberries
7969,7228,0.0,1.0,"[0.4948801331865036,0.5051198668134964]",Organic Italian Dressing
7969,18811,1.0,1.0,"[0.49746974392798443,0.5025302560720155]",Organic Apple Juice
8052,29487,1.0,1.0,"[0.10551732924124883,0.8944826707587512]",Roma Tomato
8052,44410,1.0,1.0,"[0.11236266572889513,0.8876373342711049]",Peeled Baby Carrots
8052,42585,1.0,1.0,"[0.12556135369267055,0.8744386463073295]",Organic Extra Firm Tofu
8052,48742,0.0,1.0,"[0.12432584443093367,0.8756741555690664]",Quick 1 Minute Whole Grain Oats
8052,33846,1.0,1.0,"[0.33244400858304884,0.6675559914169511]",Roasted Garlic Hummus
8076,35107,1.0,1.0,"[0.158559492537267,0.841440507462733]",Naturally Rising Crust Pepperoni Pizza
8076,4605,1.0,1.0,"[0.19711850567742828,0.8028814943225717]",Yellow Onions
8076,15100,1.0,1.0,"[0.33244400858304884,0.6675559914169511]",Fresh Spinach
8077,38689,1.0,1.0,"[0.19541369068762168,0.8045863093123783]",Organic Reduced Fat Milk
8114,34224,1.0,1.0,"[0.2521130447846282,0.7478869552153717]",Vanilla Frozen Non-Dairy Dessert Bites
8167,33120,1.0,1.0,"[0.06305525415659465,0.9369447458434054]",Organic Egg Whites
8167,33120,1.0,1.0,"[0.06305525415659465,0.9369447458434054]",Organic Egg Whites
8167,45007,1.0,1.0,"[0.07318465329485951,0.9268153467051405]",Organic Zucchini
8167,21077,0.0,1.0,"[0.08309971289141646,0.9169002871085835]",Cara Cara Navel Orange
8167,43122,1.0,1.0,"[0.11171713574447298,0.888282864255527]",Organic Bartlett Pear
8167,21137,1.0,1.0,"[0.15635465740472632,0.8436453425952737]",Organic Strawberries
8167,13877,1.0,1.0,"[0.25292969060839793,0.747070309391602]",Smoked Salmon
8167,19706,0.0,1.0,"[0.49855135241856924,0.5014486475814308]",Organic Nectarine
8259,47626,0.0,1.0,"[0.4914585191682757,0.5085414808317243]",Large Lemon
8275,13176,1.0,1.0,"[0.06753953222380561,0.9324604677761944]",Bag of Organic Bananas
8275,26914,1.0,1.0,"[0.10415808293415141,0.8958419170658486]",Bean & Cheese Burrito
8278,2509,0.0,1.0,"[0.49596166808218983,0.5040383319178101]",Tulsi Holy Basil Sweet Rose Infusion Bags 18 Count
8346,41400,1.0,1.0,"[0.17501748669252865,0.8249825133074713]",Crunchy Oats 'n Honey Granola Bars
8346,11266,1.0,1.0,"[0.19970485070942243,0.8002951492905775]",Dried Mangos
8357,31651,0.0,1.0,"[0.12421128526753572,0.8757887147324643]",Extra Fancy Unsalted Mixed Nuts
8357,31651,1.0,1.0,"[0.12421128526753572,0.8757887147324643]",Extra Fancy Unsalted Mixed Nuts
8357,26348,1.0,1.0,"[0.15415966228335462,0.8458403377166454]",Mixed Fruit Fruit Snacks
8362,24852,1.0,1.0,"[0.059649144685020264,0.9403508553149797]",Banana
8362,9076,1.0,1.0,"[0.059649144685020264,0.9403508553149797]",Blueberries
8362,432,1.0,1.0,"[0.060367592807345015,0.939632407192655]",Vanilla Almond Breeze Almond Milk
8362,16965,1.0,1.0,"[0.060367592807345015,0.939632407192655]",Chocolate Ice Cream
8362,2596,1.0,1.0,"[0.08250446258092806,0.917495537419072]",Lemon Cake Ice Cream
8362,13733,1.0,1.0,"[0.10214481830682604,0.8978551816931739]",Red Potatoes
8362,13733,1.0,1.0,"[0.10214481830682604,0.8978551816931739]",Red Potatoes
8362,890,1.0,1.0,"[0.10214481830682604,0.8978551816931739]",Organic Diced Tomatoes
8362,25890,0.0,1.0,"[0.10490647821810717,0.8950935217818928]",Boneless Skinless Chicken Breasts
8362,5212,0.0,1.0,"[0.11225771679990933,0.8877422832000906]",Watermelon Chunks
8362,10017,1.0,1.0,"[0.1518963858037856,0.8481036141962144]",Tilapia Filet
8362,10017,1.0,1.0,"[0.1518963858037856,0.8481036141962144]",Tilapia Filet
8362,46138,1.0,1.0,"[0.19874245496895557,0.8012575450310444]",Cookies & Cream Ice Cream
8362,40377,1.0,1.0,"[0.25168403585717086,0.7483159641428292]",Unrefined Virgin Coconut Oil
8362,26209,1.0,1.0,"[0.2498692554798021,0.7501307445201979]",Limes
8376,31883,0.0,1.0,"[0.19970485070942243,0.8002951492905775]",Vegetable Lasagna
8376,5450,1.0,1.0,"[0.2500646670087574,0.7499353329912426]",Small Hass Avocado
8377,43662,1.0,1.0,"[0.1236211571975141,0.8763788428024859]","Yogurt, Strained Low-Fat, Coconut"
8377,49191,1.0,1.0,"[0.15415966228335462,0.8458403377166454]",Cran Raspberry Sparkling Water
8414,47209,1.0,1.0,"[0.12544581916834854,0.8745541808316515]",Organic Hass Avocado
8414,5746,1.0,1.0,"[0.20039722328697637,0.7996027767130236]",Heavy Cream
8414,12237,1.0,1.0,"[0.25292969060839793,0.747070309391602]",Organic Sour Rye Bread
8414,45204,0.0,1.0,"[0.34388136876632464,0.6561186312336753]",Sliced Pepperoni
8414,26324,0.0,1.0,"[0.34388136876632464,0.6561186312336753]",Grass Fed Ground Beef
8414,37646,0.0,1.0,"[0.34170536118273254,0.6582946388172675]",Organic Gala Apples
8414,18078,0.0,1.0,"[0.49855135241856924,0.5014486475814308]",Wild Arugula
8414,12206,1.0,1.0,"[0.49855135241856924,0.5014486475814308]",Basil Pesto
8470,45999,1.0,1.0,"[0.08309971289141646,0.9169002871085835]",Brioche
8470,39877,1.0,1.0,"[0.19711850567742828,0.8028814943225717]",Organic Granny Smith Apple
8470,48015,0.0,1.0,"[0.2521130447846282,0.7478869552153717]",Lime Slim Can
8582,37940,1.0,1.0,"[0.10214481830682604,0.8978551816931739]",Original Strawberry Low Fat Yogurt
8582,33198,1.0,1.0,"[0.10214481830682604,0.8978551816931739]",Sparkling Natural Mineral Water
8582,21376,1.0,1.0,"[0.15500764031082595,0.8449923596891741]",Pretzel Crisps Original Deli Style Pretzel Crackers
8582,17600,1.0,1.0,"[0.19796956742451147,0.8020304325754886]","YoKids Squeezers Organic Low-Fat Yogurt, Strawberry"
8582,16797,1.0,1.0,"[0.2490591967622722,0.7509408032377278]",Strawberries
8582,14464,1.0,1.0,"[0.49746974392798443,0.5025302560720155]",Dulce de Leche Caramel Ice Cream
8585,32260,0.0,1.0,"[0.4950110090930918,0.5049889909069082]",Rich Chili Chips
8609,14715,0.0,1.0,"[0.169862586810972,0.830137413189028]",Coconut Water
8659,43662,1.0,1.0,"[0.169862586810972,0.830137413189028]","Yogurt, Strained Low-Fat, Coconut"
8659,20754,1.0,1.0,"[0.2508700613608203,0.7491299386391796]",Mediterranean Mint Gelato
8659,30489,1.0,1.0,"[0.2490591967622722,0.7509408032377278]",Original Hummus
8737,17044,1.0,1.0,"[0.06753953222380561,0.9324604677761944]",French Baguette
8737,30233,1.0,1.0,"[0.07360440538823405,0.9263955946117659]",Organic Large Brown Grade AA Cage Free Eggs
8737,8277,1.0,1.0,"[0.08309971289141646,0.9169002871085835]",Apple Honeycrisp Organic
8737,30391,1.0,1.0,"[0.08309971289141646,0.9169002871085835]",Organic Cucumber
8737,8012,1.0,1.0,"[0.08309971289141646,0.9169002871085835]",Pizza 4 Cheese
8737,47185,1.0,1.0,"[0.08309971289141646,0.9169002871085835]",Spreadable Butter with Canola Oil
8737,21137,1.0,1.0,"[0.10214481830682604,0.8978551816931739]",Organic Strawberries
8737,5646,1.0,1.0,"[0.10214481830682604,0.8978551816931739]",Organic Turkey Bacon
8737,45066,1.0,1.0,"[0.10214481830682604,0.8978551816931739]",Honeycrisp Apple
8737,36724,1.0,1.0,"[0.10214481830682604,0.8978551816931739]",Organic Sea Salt Roasted Seaweed Snacks
8737,37158,0.0,1.0,"[0.10490647821810717,0.8950935217818928]",Chicken & Maple Breakfast Sausage
8737,890,1.0,1.0,"[0.12485066196667122,0.8751493380333288]",Organic Diced Tomatoes
8737,45842,1.0,1.0,"[0.15415966228335462,0.8458403377166454]",Natural Sour Cream
8737,44359,1.0,1.0,"[0.1978041277214131,0.8021958722785869]",Organic Small Bunch Celery
8737,26634,1.0,1.0,"[0.25292969060839793,0.747070309391602]","Cookies, Chocolate Chip Walnut"
8737,26634,1.0,1.0,"[0.25292969060839793,0.747070309391602]","Cookies, Chocolate Chip Walnut"
8737,13838,1.0,1.0,"[0.3334048630261434,0.6665951369738565]",Natural Free & Clear Dish Liquid
8737,17835,0.0,1.0,"[0.49855135241856924,0.5014486475814308]",Thin & Light Tortilla Chips
8737,29662,0.0,1.0,"[0.49855135241856924,0.5014486475814308]",Potato Yukon Gold Organic
8775,34668,1.0,1.0,"[0.169862586810972,0.830137413189028]",Organic Large Grade AA Omega-3 Eggs
8775,48523,1.0,1.0,"[0.34106240269768884,0.6589375973023112]",Birthday Cake Light Ice Cream
8775,19073,1.0,1.0,"[0.34299298968056785,0.6570070103194321]",Organic Mocha Difference Ice Cream
8775,40342,1.0,1.0,"[0.49746974392798443,0.5025302560720155]",Tikka Masala Mild Indian Simmer Sauce
8797,32446,1.0,1.0,"[0.169862586810972,0.830137413189028]",Bunched Carrots
8797,20345,1.0,1.0,"[0.19865162162864003,0.80134837837136]",Thin Crust Pepperoni Pizza
8797,49683,1.0,1.0,"[0.2490591967622722,0.7509408032377278]",Cucumber Kirby
8797,46802,1.0,1.0,"[0.49639726026785075,0.5036027397321492]",Pineapple Chunks
8806,27845,1.0,1.0,"[0.059649144685020264,0.9403508553149797]",Organic Whole Milk
8806,23709,1.0,1.0,"[0.08309971289141646,0.9169002871085835]","Cheese, Thin Sliced Muenster"
8806,24964,1.0,1.0,"[0.10214481830682604,0.8978551816931739]",Organic Garlic
8806,48230,1.0,1.0,"[0.10490647821810717,0.8950935217818928]",Soft Taco Size White Flour Tortillas
8806,11777,1.0,1.0,"[0.12485066196667122,0.8751493380333288]",Red Raspberries
8806,22935,1.0,1.0,"[0.15563895521891818,0.8443610447810819]",Organic Yellow Onion
8806,26668,1.0,1.0,"[0.15415966228335462,0.8458403377166454]",Cannellini White Kidney Beans No Salt Added
8806,26668,1.0,1.0,"[0.15415966228335462,0.8458403377166454]",Cannellini White Kidney Beans No Salt Added
8812,34929,1.0,1.0,"[0.059649144685020264,0.9403508553149797]",Chocolate Cookie with Salted Caramel Ice Cream
8812,34929,1.0,1.0,"[0.059649144685020264,0.9403508553149797]",Chocolate Cookie with Salted Caramel Ice Cream
8812,2748,1.0,1.0,"[0.059649144685020264,0.9403508553149797]",Organic Reduced Fat Omega-3 Milk
8812,21137,1.0,1.0,"[0.059649144685020264,0.9403508553149797]",Organic Strawberries
8812,14947,1.0,1.0,"[0.0636994437591345,0.9363005562408655]",Pure Sparkling Water
8812,18362,1.0,1.0,"[0.0636994437591345,0.9363005562408655]",Organic Bread with 21 Whole Grains
8812,18362,1.0,1.0,"[0.0636994437591345,0.9363005562408655]",Organic Bread with 21 Whole Grains
8812,11520,1.0,1.0,"[0.06753953222380561,0.9324604677761944]",Large Alfresco Eggs
8812,11520,1.0,1.0,"[0.06753953222380561,0.9324604677761944]",Large Alfresco Eggs
8812,49201,0.0,1.0,"[0.06753953222380561,0.9324604677761944]","Banana, Peach and Mango Fruit Pouch"
8812,27344,1.0,1.0,"[0.07318465329485951,0.9268153467051405]",Uncured Genoa Salami
8812,38248,1.0,1.0,"[0.07360440538823405,0.9263955946117659]",Vegetable Turkey Dinner Stage 2
8812,38248,1.0,1.0,"[0.07360440538823405,0.9263955946117659]",Vegetable Turkey Dinner Stage 2
8812,4210,1.0,1.0,"[0.07360440538823405,0.9263955946117659]",Whole Milk
8812,9422,1.0,1.0,"[0.07360440538823405,0.9263955946117659]",Hummus
8812,22170,1.0,1.0,"[0.07360440538823405,0.9263955946117659]",Organic Multigrain with Flax English Muffins
8812,22170,1.0,1.0,"[0.07360440538823405,0.9263955946117659]",Organic Multigrain with Flax English Muffins
8812,30391,1.0,1.0,"[0.07360440538823405,0.9263955946117659]",Organic Cucumber
8812,10675,1.0,1.0,"[0.07996662056204902,0.9200333794379509]",Apple & Cherry Simple Combos Organic
8812,43122,0.0,1.0,"[0.07996662056204902,0.9200333794379509]",Organic Bartlett Pear
8812,16616,1.0,1.0,"[0.07996662056204902,0.9200333794379509]",Organic Sliced White Mushrooms
8812,48595,1.0,1.0,"[0.07996662056204902,0.9200333794379509]",Organic Wheat Square Crackers
8812,4193,1.0,1.0,"[0.08309971289141646,0.9169002871085835]","Ravioli, Spinach & Cheese"
8812,38777,1.0,1.0,"[0.08309971289141646,0.9169002871085835]",Organic Green Seedless Grapes
8812,38777,1.0,1.0,"[0.08309971289141646,0.9169002871085835]",Organic Green Seedless Grapes
8812,44622,1.0,1.0,"[0.08309971289141646,0.9169002871085835]",Medium Cheddar Deli Sliced Cheese
8812,38439,1.0,1.0,"[0.10214481830682604,0.8978551816931739]",Mara Natha Organic Peanut Butter Creamy
8812,47209,1.0,1.0,"[0.10490647821810717,0.8950935217818928]",Organic Hass Avocado
8812,27241,1.0,1.0,"[0.11171713574447298,0.888282864255527]",Cultured Pasture Butter
8812,43295,0.0,1.0,"[0.15563895521891818,0.8443610447810819]",Unsweetened Vanilla Almond Milk
8812,45246,1.0,1.0,"[0.15415966228335462,0.8458403377166454]",High Protein Pretzels
8812,31955,1.0,1.0,"[0.16757910669974838,0.8324208933002516]",Organic Banana Puffs
8812,20327,1.0,1.0,"[0.16927580417811947,0.8307241958218805]",Organic All Natural Blueberry Mini Waffles
8812,43768,1.0,1.0,"[0.1708708468854093,0.8291291531145907]",Organic Bell Pepper
8812,31737,1.0,1.0,"[0.19849511594828095,0.801504884051719]",Organic Freeze Dried Strawberries
8812,41551,1.0,1.0,"[0.1877963353456863,0.8122036646543137]","Muffin Mix, Almond Flour, Banana"
8812,26790,1.0,1.0,"[0.24944699360594158,0.7505530063940584]",Organic AppleApple
8812,48585,1.0,1.0,"[0.34119849413857695,0.658801505861423]","Lasagna, Whole Wheat"
8812,17224,1.0,1.0,"[0.34119849413857695,0.658801505861423]",Oats & Honey Gluten Free Granola
8812,14461,1.0,1.0,"[0.34119849413857695,0.658801505861423]",Organic Freeze-Dried Mango
8812,45495,1.0,1.0,"[0.34119849413857695,0.658801505861423]",Pear Kiwi & Kale Baby Food
8812,38313,0.0,1.0,"[0.34119849413857695,0.658801505861423]",Organic Apple Banana GoGo Squeez
8812,18811,1.0,1.0,"[0.49557321187290737,0.5044267881270926]",Organic Apple Juice
8812,23516,1.0,1.0,"[0.49557321187290737,0.5044267881270926]",Organic Unbleached All-Purpose Flour
8813,27344,1.0,1.0,"[0.49639726026785075,0.5036027397321492]",Uncured Genoa Salami
8816,30274,1.0,1.0,"[0.07360440538823405,0.9263955946117659]",Artesano Style Bread
8816,23082,1.0,1.0,"[0.15415966228335462,0.8458403377166454]",2% Chocolate Milk
8816,16020,1.0,1.0,"[0.16816119842262872,0.8318388015773712]",Original Crescent Rolls
8816,38185,1.0,1.0,"[0.3334048630261434,0.6665951369738565]",Hint of Lime Flavored Tortilla Chips
8816,17645,0.0,1.0,"[0.49810626368166766,0.5018937363183323]",Fruit Refreshers Grapefruit and Oranges in Pomegranate Water Cups
8838,47209,1.0,1.0,"[0.32849436868857906,0.6715056313114209]",Organic Hass Avocado
8858,21999,1.0,1.0,"[0.33244400858304884,0.6675559914169511]",Gluten Free Chocolate Coated Wafers
8873,39561,1.0,1.0,"[0.10214481830682604,0.8978551816931739]",Crackers Cheddar Bunnies Snack Packs
8873,28934,1.0,1.0,"[0.10214481830682604,0.8978551816931739]",Frozen Broccoli Florets
8873,21903,1.0,1.0,"[0.10490647821810717,0.8950935217818928]",Organic Baby Spinach
8873,13829,1.0,1.0,"[0.10490647821810717,0.8950935217818928]",Mild Salsa
8873,32655,1.0,1.0,"[0.12544581916834854,0.8745541808316515]",Organic Large Grade AA Brown Eggs
8873,24489,1.0,1.0,"[0.17146201741079808,0.8285379825892019]",Organic Whole Strawberries
